model,triplet_id,domain,concept,layer,dist_asym,dist_lit,dist_sym,dist_scram
TinyLlama-1.1B,1,Relational,Giri (義理),0,0.8606495,0.34413022,0.6481606,0.8606495
TinyLlama-1.1B,1,Relational,Giri (義理),1,0.22702307,0.0424968,0.094117165,0.2407431
TinyLlama-1.1B,1,Relational,Giri (義理),2,0.18900418,0.041950822,0.1082629,0.2004236
TinyLlama-1.1B,1,Relational,Giri (義理),3,0.008155584,0.0007187724,0.0016309619,0.0083524585
TinyLlama-1.1B,1,Relational,Giri (義理),4,0.015014589,0.0015366673,0.0030520558,0.014440119
TinyLlama-1.1B,1,Relational,Giri (義理),5,0.02307856,0.0026144981,0.004777789,0.023696601
TinyLlama-1.1B,1,Relational,Giri (義理),6,0.03728956,0.0041208267,0.0068377256,0.04017526
TinyLlama-1.1B,1,Relational,Giri (義理),7,0.057007313,0.006174326,0.00932318,0.0697366
TinyLlama-1.1B,1,Relational,Giri (義理),8,0.07741964,0.009552538,0.014001787,0.10148752
TinyLlama-1.1B,1,Relational,Giri (義理),9,0.091448724,0.010680735,0.014643908,0.11994392
TinyLlama-1.1B,1,Relational,Giri (義理),10,0.115832925,0.013489604,0.019276798,0.158512
TinyLlama-1.1B,1,Relational,Giri (義理),11,0.13462222,0.018292487,0.021897912,0.17610711
TinyLlama-1.1B,1,Relational,Giri (義理),12,0.15195256,0.021607518,0.026082754,0.22612566
TinyLlama-1.1B,1,Relational,Giri (義理),13,0.17254448,0.0249058,0.031404674,0.28499097
TinyLlama-1.1B,1,Relational,Giri (義理),14,0.2018947,0.030354679,0.036729038,0.32093924
TinyLlama-1.1B,1,Relational,Giri (義理),15,0.22494477,0.038633823,0.043904603,0.32094252
TinyLlama-1.1B,1,Relational,Giri (義理),16,0.28946978,0.04743439,0.069663346,0.3730448
TinyLlama-1.1B,1,Relational,Giri (義理),17,0.33889544,0.061719716,0.096741736,0.40541458
TinyLlama-1.1B,1,Relational,Giri (義理),18,0.35900098,0.07437307,0.15733588,0.42242068
TinyLlama-1.1B,1,Relational,Giri (義理),19,0.48516113,0.08422935,0.22831464,0.5008639
TinyLlama-1.1B,1,Relational,Giri (義理),20,0.47702062,0.09261918,0.31047016,0.4542368
TinyLlama-1.1B,1,Relational,Giri (義理),21,0.6593919,0.104583144,0.4516852,0.6536504
TinyLlama-1.1B,1,Relational,Giri (義理),22,0.84677994,0.13351125,0.62334013,0.8580289
TinyLlama-1.1B,2,Relational,Ninjo (人情),0,0.8698435,0.14119804,0.7244146,0.8698435
TinyLlama-1.1B,2,Relational,Ninjo (人情),1,0.22161347,0.01582694,0.118424,0.21743584
TinyLlama-1.1B,2,Relational,Ninjo (人情),2,0.19685036,0.015443504,0.10862869,0.20130801
TinyLlama-1.1B,2,Relational,Ninjo (人情),3,0.008853972,0.00015211105,0.0014064312,0.009289026
TinyLlama-1.1B,2,Relational,Ninjo (人情),4,0.01622492,0.0002771616,0.002447009,0.017439008
TinyLlama-1.1B,2,Relational,Ninjo (人情),5,0.026673377,0.00047761202,0.0041174293,0.028609812
TinyLlama-1.1B,2,Relational,Ninjo (人情),6,0.03975302,0.0007132888,0.0060396194,0.044591904
TinyLlama-1.1B,2,Relational,Ninjo (人情),7,0.059571803,0.0011290908,0.007896364,0.077539444
TinyLlama-1.1B,2,Relational,Ninjo (人情),8,0.08005488,0.0015794635,0.011058867,0.11289662
TinyLlama-1.1B,2,Relational,Ninjo (人情),9,0.09693396,0.0018999577,0.012977064,0.13536352
TinyLlama-1.1B,2,Relational,Ninjo (人情),10,0.123758614,0.0029466152,0.017380714,0.18063909
TinyLlama-1.1B,2,Relational,Ninjo (人情),11,0.13957089,0.0043675303,0.020913005,0.2007742
TinyLlama-1.1B,2,Relational,Ninjo (人情),12,0.16573578,0.004930079,0.027664483,0.2505632
TinyLlama-1.1B,2,Relational,Ninjo (人情),13,0.18086624,0.0061409473,0.03357941,0.29533517
TinyLlama-1.1B,2,Relational,Ninjo (人情),14,0.2043904,0.00771147,0.042928576,0.3272506
TinyLlama-1.1B,2,Relational,Ninjo (人情),15,0.2224893,0.009391308,0.048853397,0.34744966
TinyLlama-1.1B,2,Relational,Ninjo (人情),16,0.2799257,0.011685431,0.081288815,0.41209662
TinyLlama-1.1B,2,Relational,Ninjo (人情),17,0.30722445,0.01489234,0.10380119,0.44130725
TinyLlama-1.1B,2,Relational,Ninjo (人情),18,0.33753085,0.023457408,0.15930301,0.45650655
TinyLlama-1.1B,2,Relational,Ninjo (人情),19,0.4806872,0.02434057,0.23719329,0.5184916
TinyLlama-1.1B,2,Relational,Ninjo (人情),20,0.46359456,0.026223958,0.34417325,0.476022
TinyLlama-1.1B,2,Relational,Ninjo (人情),21,0.6561531,0.02902484,0.49485153,0.6887698
TinyLlama-1.1B,2,Relational,Ninjo (人情),22,0.92040265,0.049913466,0.7170322,0.94053745
TinyLlama-1.1B,3,Relational,En (縁),0,0.8744297,0.21824652,0.60799104,0.8744297
TinyLlama-1.1B,3,Relational,En (縁),1,0.20152253,0.021056414,0.085484624,0.2011944
TinyLlama-1.1B,3,Relational,En (縁),2,0.19112498,0.02503997,0.10250628,0.19327873
TinyLlama-1.1B,3,Relational,En (縁),3,0.009735644,0.00033038855,0.0018385053,0.010199666
TinyLlama-1.1B,3,Relational,En (縁),4,0.01848942,0.0006400943,0.0033171177,0.019816697
TinyLlama-1.1B,3,Relational,En (縁),5,0.031777263,0.00096040964,0.0062107444,0.03277582
TinyLlama-1.1B,3,Relational,En (縁),6,0.049541652,0.0015875101,0.0094973445,0.054558277
TinyLlama-1.1B,3,Relational,En (縁),7,0.07468176,0.0023779273,0.012957573,0.09576392
TinyLlama-1.1B,3,Relational,En (縁),8,0.09723508,0.0034770966,0.020721555,0.13158995
TinyLlama-1.1B,3,Relational,En (縁),9,0.11285514,0.0037127137,0.022561312,0.15530056
TinyLlama-1.1B,3,Relational,En (縁),10,0.1403898,0.0045921206,0.030484438,0.20137423
TinyLlama-1.1B,3,Relational,En (縁),11,0.16021097,0.0056861043,0.03663671,0.23118174
TinyLlama-1.1B,3,Relational,En (縁),12,0.18533772,0.006258309,0.0470019,0.2845137
TinyLlama-1.1B,3,Relational,En (縁),13,0.1971075,0.008004665,0.059190154,0.32785767
TinyLlama-1.1B,3,Relational,En (縁),14,0.21666795,0.009318292,0.06965262,0.36213696
TinyLlama-1.1B,3,Relational,En (縁),15,0.23793036,0.010212302,0.08280468,0.37595278
TinyLlama-1.1B,3,Relational,En (縁),16,0.2817722,0.012545824,0.12356508,0.41563958
TinyLlama-1.1B,3,Relational,En (縁),17,0.3060673,0.013308167,0.14586079,0.44390333
TinyLlama-1.1B,3,Relational,En (縁),18,0.34157246,0.015615761,0.20867854,0.46548498
TinyLlama-1.1B,3,Relational,En (縁),19,0.46525365,0.015708625,0.28654867,0.53403723
TinyLlama-1.1B,3,Relational,En (縁),20,0.45008284,0.015765965,0.38181263,0.5003241
TinyLlama-1.1B,3,Relational,En (縁),21,0.6226311,0.016110718,0.5245831,0.6906482
TinyLlama-1.1B,3,Relational,En (縁),22,0.8397417,0.025138259,0.66626316,0.8717754
TinyLlama-1.1B,4,Relational,Amaeru (甘える),0,0.90853876,0.2602749,0.7612674,0.90853876
TinyLlama-1.1B,4,Relational,Amaeru (甘える),1,0.22427458,0.03663987,0.13811564,0.22701532
TinyLlama-1.1B,4,Relational,Amaeru (甘える),2,0.19802564,0.034210443,0.12818539,0.19997764
TinyLlama-1.1B,4,Relational,Amaeru (甘える),3,0.009359598,0.0010420084,0.0019233227,0.009010017
TinyLlama-1.1B,4,Relational,Amaeru (甘える),4,0.016789436,0.0016286373,0.0034155846,0.015723586
TinyLlama-1.1B,4,Relational,Amaeru (甘える),5,0.027760863,0.002988875,0.0058678985,0.02648449
TinyLlama-1.1B,4,Relational,Amaeru (甘える),6,0.04311943,0.004226029,0.008867264,0.04417193
TinyLlama-1.1B,4,Relational,Amaeru (甘える),7,0.06322312,0.005608082,0.011155307,0.072297394
TinyLlama-1.1B,4,Relational,Amaeru (甘える),8,0.08291811,0.009480596,0.016129017,0.1007458
TinyLlama-1.1B,4,Relational,Amaeru (甘える),9,0.101337135,0.010831714,0.018410027,0.12366879
TinyLlama-1.1B,4,Relational,Amaeru (甘える),10,0.12976635,0.015330136,0.02420479,0.16354734
TinyLlama-1.1B,4,Relational,Amaeru (甘える),11,0.14998084,0.019504428,0.028820932,0.18262029
TinyLlama-1.1B,4,Relational,Amaeru (甘える),12,0.17537224,0.021638572,0.036747575,0.22138691
TinyLlama-1.1B,4,Relational,Amaeru (甘える),13,0.19165981,0.025818765,0.044368327,0.26272058
TinyLlama-1.1B,4,Relational,Amaeru (甘える),14,0.21299607,0.031549633,0.05427134,0.29716063
TinyLlama-1.1B,4,Relational,Amaeru (甘える),15,0.23518091,0.037156403,0.06536651,0.31887048
TinyLlama-1.1B,4,Relational,Amaeru (甘える),16,0.28452188,0.045065045,0.0997116,0.37831938
TinyLlama-1.1B,4,Relational,Amaeru (甘える),17,0.30825043,0.051749527,0.11915749,0.4026028
TinyLlama-1.1B,4,Relational,Amaeru (甘える),18,0.32937294,0.05524373,0.17629027,0.4214204
TinyLlama-1.1B,4,Relational,Amaeru (甘える),19,0.44478887,0.055186152,0.25241017,0.48801333
TinyLlama-1.1B,4,Relational,Amaeru (甘える),20,0.42270404,0.05607432,0.34271473,0.45700568
TinyLlama-1.1B,4,Relational,Amaeru (甘える),21,0.60467756,0.058255732,0.4923135,0.6612185
TinyLlama-1.1B,4,Relational,Amaeru (甘える),22,0.8095052,0.07850456,0.7177802,0.86869174
TinyLlama-1.1B,5,Relational,Omoiyari (思いやり),0,0.87814593,0.16341418,0.661121,0.87814593
TinyLlama-1.1B,5,Relational,Omoiyari (思いやり),1,0.20381963,0.019669592,0.08667958,0.20336246
TinyLlama-1.1B,5,Relational,Omoiyari (思いやり),2,0.17957848,0.022827327,0.1004585,0.18103206
TinyLlama-1.1B,5,Relational,Omoiyari (思いやり),3,0.010873795,0.0003039837,0.0024560094,0.009876907
TinyLlama-1.1B,5,Relational,Omoiyari (思いやり),4,0.019765139,0.0006469488,0.004389107,0.017723799
TinyLlama-1.1B,5,Relational,Omoiyari (思いやり),5,0.03329742,0.0011623502,0.008045375,0.030816555
TinyLlama-1.1B,5,Relational,Omoiyari (思いやり),6,0.052201748,0.0018355846,0.012917876,0.050742447
TinyLlama-1.1B,5,Relational,Omoiyari (思いやり),7,0.07919335,0.0029855967,0.01691258,0.0876115
TinyLlama-1.1B,5,Relational,Omoiyari (思いやり),8,0.10120809,0.0048915744,0.024702728,0.12036848
TinyLlama-1.1B,5,Relational,Omoiyari (思いやり),9,0.12076652,0.005791664,0.027968049,0.14570665
TinyLlama-1.1B,5,Relational,Omoiyari (思いやり),10,0.14910185,0.008791387,0.036964893,0.18936151
TinyLlama-1.1B,5,Relational,Omoiyari (思いやり),11,0.1685642,0.012054503,0.041388154,0.2141788
TinyLlama-1.1B,5,Relational,Omoiyari (思いやり),12,0.18970841,0.014410138,0.049966156,0.24947494
TinyLlama-1.1B,5,Relational,Omoiyari (思いやり),13,0.20703542,0.01954621,0.059394002,0.29475415
TinyLlama-1.1B,5,Relational,Omoiyari (思いやり),14,0.22790772,0.02309519,0.066821694,0.32526296
TinyLlama-1.1B,5,Relational,Omoiyari (思いやり),15,0.24721879,0.02728206,0.07277006,0.34742326
TinyLlama-1.1B,5,Relational,Omoiyari (思いやり),16,0.3100534,0.031977355,0.118451655,0.40059376
TinyLlama-1.1B,5,Relational,Omoiyari (思いやり),17,0.3504085,0.04335469,0.14245474,0.43948114
TinyLlama-1.1B,5,Relational,Omoiyari (思いやり),18,0.35927916,0.050279558,0.20997876,0.44769156
TinyLlama-1.1B,5,Relational,Omoiyari (思いやり),19,0.49823916,0.05587256,0.29677528,0.52609646
TinyLlama-1.1B,5,Relational,Omoiyari (思いやり),20,0.4796418,0.06311858,0.39414048,0.4947179
TinyLlama-1.1B,5,Relational,Omoiyari (思いやり),21,0.6367163,0.066877425,0.5316452,0.66561544
TinyLlama-1.1B,5,Relational,Omoiyari (思いやり),22,0.83751523,0.081501186,0.71257246,0.8405199
TinyLlama-1.1B,6,Relational,On (恩),0,0.8984746,0.15112042,0.5995263,0.8984746
TinyLlama-1.1B,6,Relational,On (恩),1,0.21897215,0.015992463,0.0980317,0.22091436
TinyLlama-1.1B,6,Relational,On (恩),2,0.20135772,0.016378522,0.1051597,0.1897434
TinyLlama-1.1B,6,Relational,On (恩),3,0.011169672,0.00030988455,0.00204432,0.009796321
TinyLlama-1.1B,6,Relational,On (恩),4,0.019925535,0.0005156398,0.0034732819,0.017389834
TinyLlama-1.1B,6,Relational,On (恩),5,0.033386588,0.0008793473,0.0060946345,0.028910935
TinyLlama-1.1B,6,Relational,On (恩),6,0.050685763,0.00152421,0.009307563,0.048818886
TinyLlama-1.1B,6,Relational,On (恩),7,0.07507366,0.0024402142,0.012544692,0.0858739
TinyLlama-1.1B,6,Relational,On (恩),8,0.09494442,0.004154682,0.016834617,0.11296332
TinyLlama-1.1B,6,Relational,On (恩),9,0.11151171,0.0046857,0.018445551,0.13644385
TinyLlama-1.1B,6,Relational,On (恩),10,0.14031607,0.0067542195,0.02380675,0.18461251
TinyLlama-1.1B,6,Relational,On (恩),11,0.15807104,0.009627342,0.028160632,0.20750809
TinyLlama-1.1B,6,Relational,On (恩),12,0.18003297,0.01083827,0.03560412,0.2512619
TinyLlama-1.1B,6,Relational,On (恩),13,0.1942414,0.013198137,0.04359144,0.29333812
TinyLlama-1.1B,6,Relational,On (恩),14,0.21550232,0.014947712,0.05059129,0.32724494
TinyLlama-1.1B,6,Relational,On (恩),15,0.23347396,0.016795695,0.05956912,0.3375821
TinyLlama-1.1B,6,Relational,On (恩),16,0.2900374,0.020894766,0.09550208,0.39771515
TinyLlama-1.1B,6,Relational,On (恩),17,0.31653774,0.028595328,0.11380947,0.42308974
TinyLlama-1.1B,6,Relational,On (恩),18,0.33828956,0.031789243,0.1895755,0.4392141
TinyLlama-1.1B,6,Relational,On (恩),19,0.47609597,0.03626913,0.27130342,0.5081445
TinyLlama-1.1B,6,Relational,On (恩),20,0.45303106,0.03840971,0.37517554,0.47376716
TinyLlama-1.1B,6,Relational,On (恩),21,0.6401402,0.04129672,0.5215167,0.6728655
TinyLlama-1.1B,6,Relational,On (恩),22,0.86602414,0.05342847,0.68283665,0.8833167
TinyLlama-1.1B,7,Social Space,Wa (和),0,0.8996542,0.19770086,0.750507,0.8996542
TinyLlama-1.1B,7,Social Space,Wa (和),1,0.21384162,0.02067542,0.13193417,0.21679825
TinyLlama-1.1B,7,Social Space,Wa (和),2,0.20752794,0.017624319,0.12603283,0.20814002
TinyLlama-1.1B,7,Social Space,Wa (和),3,0.011737585,0.00033909082,0.0025039315,0.01267916
TinyLlama-1.1B,7,Social Space,Wa (和),4,0.022446454,0.00057667494,0.0043136477,0.024792314
TinyLlama-1.1B,7,Social Space,Wa (和),5,0.036455393,0.0010523796,0.0069516897,0.038125157
TinyLlama-1.1B,7,Social Space,Wa (和),6,0.05749637,0.0017640591,0.010088086,0.05963373
TinyLlama-1.1B,7,Social Space,Wa (和),7,0.084768414,0.0024875402,0.012957931,0.10270786
TinyLlama-1.1B,7,Social Space,Wa (和),8,0.11189026,0.004028082,0.01867485,0.1439256
TinyLlama-1.1B,7,Social Space,Wa (和),9,0.12836236,0.0047480464,0.021473587,0.16831613
TinyLlama-1.1B,7,Social Space,Wa (和),10,0.15855783,0.006482005,0.028117776,0.21697283
TinyLlama-1.1B,7,Social Space,Wa (和),11,0.1739912,0.0085532665,0.0306139,0.24024278
TinyLlama-1.1B,7,Social Space,Wa (和),12,0.19623083,0.009749889,0.037938118,0.29225528
TinyLlama-1.1B,7,Social Space,Wa (和),13,0.21291244,0.012658894,0.046480298,0.3430373
TinyLlama-1.1B,7,Social Space,Wa (和),14,0.22953355,0.016679108,0.05849707,0.38152087
TinyLlama-1.1B,7,Social Space,Wa (和),15,0.24136394,0.0200997,0.0652805,0.38939565
TinyLlama-1.1B,7,Social Space,Wa (和),16,0.2957272,0.02498442,0.10419047,0.44679427
TinyLlama-1.1B,7,Social Space,Wa (和),17,0.32165533,0.031425,0.12796772,0.4704857
TinyLlama-1.1B,7,Social Space,Wa (和),18,0.35088432,0.0384292,0.19089544,0.47767413
TinyLlama-1.1B,7,Social Space,Wa (和),19,0.4915207,0.043227375,0.2705083,0.5251458
TinyLlama-1.1B,7,Social Space,Wa (和),20,0.46999806,0.05084026,0.37765568,0.482001
TinyLlama-1.1B,7,Social Space,Wa (和),21,0.6836241,0.05292684,0.5274563,0.7345161
TinyLlama-1.1B,7,Social Space,Wa (和),22,0.9281776,0.07442874,0.7389395,0.9750297
TinyLlama-1.1B,8,Social Space,Kuuki wo Yomu (空気を読む),0,0.8351251,0.23802036,0.6168228,0.8351251
TinyLlama-1.1B,8,Social Space,Kuuki wo Yomu (空気を読む),1,0.18055189,0.024867594,0.08079839,0.18206233
TinyLlama-1.1B,8,Social Space,Kuuki wo Yomu (空気を読む),2,0.1748082,0.024959981,0.10024226,0.175021
TinyLlama-1.1B,8,Social Space,Kuuki wo Yomu (空気を読む),3,0.012862444,0.00045740604,0.0028911233,0.012323618
TinyLlama-1.1B,8,Social Space,Kuuki wo Yomu (空気を読む),4,0.022491336,0.00079518557,0.0050495863,0.021074653
TinyLlama-1.1B,8,Social Space,Kuuki wo Yomu (空気を読む),5,0.0408895,0.0013380051,0.008531094,0.0334512
TinyLlama-1.1B,8,Social Space,Kuuki wo Yomu (空気を読む),6,0.06301808,0.0022892952,0.01297462,0.057998657
TinyLlama-1.1B,8,Social Space,Kuuki wo Yomu (空気を読む),7,0.09314823,0.003583908,0.018361032,0.09537047
TinyLlama-1.1B,8,Social Space,Kuuki wo Yomu (空気を読む),8,0.11397445,0.004701078,0.026820898,0.1317051
TinyLlama-1.1B,8,Social Space,Kuuki wo Yomu (空気を読む),9,0.13267261,0.0052171946,0.029500365,0.15786666
TinyLlama-1.1B,8,Social Space,Kuuki wo Yomu (空気を読む),10,0.16027778,0.0071970224,0.04019034,0.20756048
TinyLlama-1.1B,8,Social Space,Kuuki wo Yomu (空気を読む),11,0.1766426,0.0101059675,0.046891987,0.23060608
TinyLlama-1.1B,8,Social Space,Kuuki wo Yomu (空気を読む),12,0.19878858,0.011266232,0.05675727,0.2848391
TinyLlama-1.1B,8,Social Space,Kuuki wo Yomu (空気を読む),13,0.21747637,0.013923526,0.066443324,0.3522017
TinyLlama-1.1B,8,Social Space,Kuuki wo Yomu (空気を読む),14,0.23744887,0.016093671,0.074017644,0.38430363
TinyLlama-1.1B,8,Social Space,Kuuki wo Yomu (空気を読む),15,0.2533139,0.019370139,0.08373219,0.38505685
TinyLlama-1.1B,8,Social Space,Kuuki wo Yomu (空気を読む),16,0.308394,0.02278179,0.124143004,0.43275476
TinyLlama-1.1B,8,Social Space,Kuuki wo Yomu (空気を読む),17,0.3257503,0.028037786,0.14419907,0.44452518
TinyLlama-1.1B,8,Social Space,Kuuki wo Yomu (空気を読む),18,0.34316266,0.0345245,0.221973,0.4509396
TinyLlama-1.1B,8,Social Space,Kuuki wo Yomu (空気を読む),19,0.46972895,0.04288429,0.3083306,0.51513106
TinyLlama-1.1B,8,Social Space,Kuuki wo Yomu (空気を読む),20,0.44958335,0.051161885,0.39199072,0.4898408
TinyLlama-1.1B,8,Social Space,Kuuki wo Yomu (空気を読む),21,0.61167,0.056259096,0.52141184,0.66281956
TinyLlama-1.1B,8,Social Space,Kuuki wo Yomu (空気を読む),22,0.859019,0.08151406,0.7050736,0.84517944
TinyLlama-1.1B,9,Social Space,Uchi-Soto (内-外),0,0.89367306,0.13515776,0.6550132,0.89367306
TinyLlama-1.1B,9,Social Space,Uchi-Soto (内-外),1,0.20349652,0.015506685,0.10798454,0.2062996
TinyLlama-1.1B,9,Social Space,Uchi-Soto (内-外),2,0.19855613,0.012624145,0.08829397,0.19952124
TinyLlama-1.1B,9,Social Space,Uchi-Soto (内-外),3,0.011434674,0.00023931265,0.0016809702,0.0116763115
TinyLlama-1.1B,9,Social Space,Uchi-Soto (内-外),4,0.020124078,0.00035697222,0.0029637814,0.020788848
TinyLlama-1.1B,9,Social Space,Uchi-Soto (内-外),5,0.0338493,0.0005761385,0.0056652427,0.035449743
TinyLlama-1.1B,9,Social Space,Uchi-Soto (内-外),6,0.05202204,0.0008639693,0.008051813,0.056221247
TinyLlama-1.1B,9,Social Space,Uchi-Soto (内-外),7,0.07890916,0.001287818,0.010874569,0.09574711
TinyLlama-1.1B,9,Social Space,Uchi-Soto (内-外),8,0.103527844,0.0020830631,0.017321467,0.12969041
TinyLlama-1.1B,9,Social Space,Uchi-Soto (内-外),9,0.12362325,0.0025710464,0.018498719,0.15746194
TinyLlama-1.1B,9,Social Space,Uchi-Soto (内-外),10,0.15452987,0.0035812259,0.024303317,0.20847732
TinyLlama-1.1B,9,Social Space,Uchi-Soto (内-外),11,0.1728642,0.004587233,0.026920378,0.22842371
TinyLlama-1.1B,9,Social Space,Uchi-Soto (内-外),12,0.19981182,0.005243182,0.034321904,0.27653837
TinyLlama-1.1B,9,Social Space,Uchi-Soto (内-外),13,0.20933992,0.0063147545,0.03939432,0.32410085
TinyLlama-1.1B,9,Social Space,Uchi-Soto (内-外),14,0.22907823,0.0077730417,0.04622525,0.3552469
TinyLlama-1.1B,9,Social Space,Uchi-Soto (内-外),15,0.2477634,0.010070324,0.051698387,0.37012702
TinyLlama-1.1B,9,Social Space,Uchi-Soto (内-外),16,0.29638958,0.01196903,0.08199018,0.43038934
TinyLlama-1.1B,9,Social Space,Uchi-Soto (内-外),17,0.30704278,0.015571296,0.10176742,0.4639297
TinyLlama-1.1B,9,Social Space,Uchi-Soto (内-外),18,0.32586652,0.017925024,0.16146892,0.4537381
TinyLlama-1.1B,9,Social Space,Uchi-Soto (内-外),19,0.46406645,0.02012968,0.24137753,0.5220585
TinyLlama-1.1B,9,Social Space,Uchi-Soto (内-外),20,0.4493801,0.021451235,0.3262115,0.48376524
TinyLlama-1.1B,9,Social Space,Uchi-Soto (内-外),21,0.6456859,0.023598135,0.5067868,0.6922123
TinyLlama-1.1B,9,Social Space,Uchi-Soto (内-外),22,0.9206617,0.0277161,0.70004475,0.9550201
TinyLlama-1.1B,10,Social Space,Honne to Tatemae (本音と建前),0,0.88582534,0.32842118,0.6841051,0.88582534
TinyLlama-1.1B,10,Social Space,Honne to Tatemae (本音と建前),1,0.21074826,0.033488154,0.09175491,0.21263993
TinyLlama-1.1B,10,Social Space,Honne to Tatemae (本音と建前),2,0.18450761,0.027624369,0.11216402,0.19164741
TinyLlama-1.1B,10,Social Space,Honne to Tatemae (本音と建前),3,0.014880717,0.0003619194,0.0021216273,0.014190674
TinyLlama-1.1B,10,Social Space,Honne to Tatemae (本音と建前),4,0.026015997,0.0006969571,0.0038155317,0.0247432
TinyLlama-1.1B,10,Social Space,Honne to Tatemae (本音と建前),5,0.044986725,0.0011463165,0.006195545,0.041454434
TinyLlama-1.1B,10,Social Space,Honne to Tatemae (本音と建前),6,0.06773996,0.001796186,0.009475887,0.064273655
TinyLlama-1.1B,10,Social Space,Honne to Tatemae (本音と建前),7,0.09879202,0.0025879145,0.012717962,0.10473794
TinyLlama-1.1B,10,Social Space,Honne to Tatemae (本音と建前),8,0.121299684,0.004394233,0.018742383,0.14043212
TinyLlama-1.1B,10,Social Space,Honne to Tatemae (本音と建前),9,0.13816112,0.0050638914,0.022032619,0.16523772
TinyLlama-1.1B,10,Social Space,Honne to Tatemae (本音と建前),10,0.16870195,0.0074008703,0.029091716,0.21408635
TinyLlama-1.1B,10,Social Space,Honne to Tatemae (本音と建前),11,0.19055158,0.009199858,0.03346342,0.23436928
TinyLlama-1.1B,10,Social Space,Honne to Tatemae (本音と建前),12,0.21194524,0.010848582,0.040344894,0.2945031
TinyLlama-1.1B,10,Social Space,Honne to Tatemae (本音と建前),13,0.23286247,0.013704419,0.047261298,0.3631001
TinyLlama-1.1B,10,Social Space,Honne to Tatemae (本音と建前),14,0.24829125,0.017441094,0.05296606,0.38213205
TinyLlama-1.1B,10,Social Space,Honne to Tatemae (本音と建前),15,0.2644754,0.020029426,0.0625819,0.37992913
TinyLlama-1.1B,10,Social Space,Honne to Tatemae (本音と建前),16,0.31677526,0.023822486,0.09487492,0.39752114
TinyLlama-1.1B,10,Social Space,Honne to Tatemae (本音と建前),17,0.33466035,0.03164822,0.11021656,0.39508504
TinyLlama-1.1B,10,Social Space,Honne to Tatemae (本音と建前),18,0.34115982,0.03499621,0.16980112,0.3932132
TinyLlama-1.1B,10,Social Space,Honne to Tatemae (本音と建前),19,0.47568244,0.0377059,0.24083513,0.4710768
TinyLlama-1.1B,10,Social Space,Honne to Tatemae (本音と建前),20,0.4353615,0.038923144,0.31266993,0.407165
TinyLlama-1.1B,10,Social Space,Honne to Tatemae (本音と建前),21,0.6255374,0.044139802,0.44913298,0.61541545
TinyLlama-1.1B,10,Social Space,Honne to Tatemae (本音と建前),22,0.88062775,0.06904954,0.645687,0.86458313
TinyLlama-1.1B,11,Social Space,Meiwaku (迷惑),0,0.8952993,0.11967778,0.6293105,0.8952993
TinyLlama-1.1B,11,Social Space,Meiwaku (迷惑),1,0.21171576,0.011924446,0.08536935,0.21460515
TinyLlama-1.1B,11,Social Space,Meiwaku (迷惑),2,0.20026714,0.015113294,0.10648632,0.20222425
TinyLlama-1.1B,11,Social Space,Meiwaku (迷惑),3,0.012576401,0.00030303,0.0022147298,0.011566877
TinyLlama-1.1B,11,Social Space,Meiwaku (迷惑),4,0.02269584,0.00047302246,0.0039155483,0.02145791
TinyLlama-1.1B,11,Social Space,Meiwaku (迷惑),5,0.03596884,0.0009266734,0.007021308,0.034033
TinyLlama-1.1B,11,Social Space,Meiwaku (迷惑),6,0.056007862,0.0015375614,0.011076152,0.054546535
TinyLlama-1.1B,11,Social Space,Meiwaku (迷惑),7,0.082955,0.002258718,0.014937282,0.08931285
TinyLlama-1.1B,11,Social Space,Meiwaku (迷惑),8,0.10723084,0.0031266809,0.022475779,0.1202845
TinyLlama-1.1B,11,Social Space,Meiwaku (迷惑),9,0.12416887,0.0038087368,0.02512443,0.14274424
TinyLlama-1.1B,11,Social Space,Meiwaku (迷惑),10,0.15231276,0.0059450865,0.033391774,0.1870879
TinyLlama-1.1B,11,Social Space,Meiwaku (迷惑),11,0.17738086,0.008862376,0.03953147,0.2122261
TinyLlama-1.1B,11,Social Space,Meiwaku (迷惑),12,0.19951403,0.010200083,0.050341606,0.27109778
TinyLlama-1.1B,11,Social Space,Meiwaku (迷惑),13,0.22370505,0.012532711,0.059093595,0.33499545
TinyLlama-1.1B,11,Social Space,Meiwaku (迷惑),14,0.24104232,0.013961732,0.065609634,0.36237335
TinyLlama-1.1B,11,Social Space,Meiwaku (迷惑),15,0.26168323,0.016976237,0.072790205,0.3641706
TinyLlama-1.1B,11,Social Space,Meiwaku (迷惑),16,0.3251196,0.020385921,0.11318457,0.4109276
TinyLlama-1.1B,11,Social Space,Meiwaku (迷惑),17,0.35613906,0.02699864,0.1409874,0.42910802
TinyLlama-1.1B,11,Social Space,Meiwaku (迷惑),18,0.37422383,0.031338155,0.20546049,0.4378038
TinyLlama-1.1B,11,Social Space,Meiwaku (迷惑),19,0.50605583,0.03390664,0.27991247,0.5008011
TinyLlama-1.1B,11,Social Space,Meiwaku (迷惑),20,0.47084564,0.03659445,0.37238926,0.4583242
TinyLlama-1.1B,11,Social Space,Meiwaku (迷惑),21,0.63230383,0.037451923,0.50334084,0.6559055
TinyLlama-1.1B,11,Social Space,Meiwaku (迷惑),22,0.8120146,0.049705386,0.695809,0.84911454
TinyLlama-1.1B,12,Social Space,Enryo (遠慮),0,0.8674145,0.2528056,0.68430626,0.8674145
TinyLlama-1.1B,12,Social Space,Enryo (遠慮),1,0.2049619,0.02694714,0.08880186,0.20253658
TinyLlama-1.1B,12,Social Space,Enryo (遠慮),2,0.19128603,0.032573164,0.10746348,0.18783963
TinyLlama-1.1B,12,Social Space,Enryo (遠慮),3,0.012648821,0.0006546378,0.0020048022,0.011475086
TinyLlama-1.1B,12,Social Space,Enryo (遠慮),4,0.021504343,0.0010557771,0.0033335686,0.019372404
TinyLlama-1.1B,12,Social Space,Enryo (遠慮),5,0.036450505,0.0016862154,0.0057742596,0.03449291
TinyLlama-1.1B,12,Social Space,Enryo (遠慮),6,0.05413097,0.0026907325,0.00922358,0.05499178
TinyLlama-1.1B,12,Social Space,Enryo (遠慮),7,0.078410745,0.004105568,0.012357175,0.092656374
TinyLlama-1.1B,12,Social Space,Enryo (遠慮),8,0.099300206,0.0060998797,0.01768452,0.1269396
TinyLlama-1.1B,12,Social Space,Enryo (遠慮),9,0.11655015,0.007119298,0.019945323,0.15170026
TinyLlama-1.1B,12,Social Space,Enryo (遠慮),10,0.14784056,0.0115507245,0.026954472,0.19966501
TinyLlama-1.1B,12,Social Space,Enryo (遠慮),11,0.16690701,0.015590668,0.032223105,0.22790933
TinyLlama-1.1B,12,Social Space,Enryo (遠慮),12,0.1886875,0.018166244,0.04093963,0.2843014
TinyLlama-1.1B,12,Social Space,Enryo (遠慮),13,0.20710629,0.021153986,0.047335505,0.34323692
TinyLlama-1.1B,12,Social Space,Enryo (遠慮),14,0.23481375,0.02470535,0.054938614,0.3815447
TinyLlama-1.1B,12,Social Space,Enryo (遠慮),15,0.25102854,0.030837119,0.06354076,0.38295323
TinyLlama-1.1B,12,Social Space,Enryo (遠慮),16,0.30791038,0.034894884,0.10142976,0.41646987
TinyLlama-1.1B,12,Social Space,Enryo (遠慮),17,0.34116924,0.046069384,0.11714274,0.44588852
TinyLlama-1.1B,12,Social Space,Enryo (遠慮),18,0.35853368,0.05880922,0.17766583,0.43517303
TinyLlama-1.1B,12,Social Space,Enryo (遠慮),19,0.49124753,0.06204182,0.25902432,0.48281807
TinyLlama-1.1B,12,Social Space,Enryo (遠慮),20,0.4788639,0.06301516,0.35111713,0.45948035
TinyLlama-1.1B,12,Social Space,Enryo (遠慮),21,0.64402044,0.07226372,0.48632324,0.6433561
TinyLlama-1.1B,12,Social Space,Enryo (遠慮),22,0.87924045,0.08780736,0.66025394,0.8609299
TinyLlama-1.1B,13,Existential,Ganbaru (頑張る),0,0.8672857,0.15895063,0.589116,0.8672857
TinyLlama-1.1B,13,Existential,Ganbaru (頑張る),1,0.2081728,0.017451108,0.097292066,0.20550114
TinyLlama-1.1B,13,Existential,Ganbaru (頑張る),2,0.2164529,0.020432234,0.09111774,0.20379692
TinyLlama-1.1B,13,Existential,Ganbaru (頑張る),3,0.013483167,0.00050896406,0.0015287399,0.014256597
TinyLlama-1.1B,13,Existential,Ganbaru (頑張る),4,0.024755478,0.00088226795,0.0029313564,0.026096523
TinyLlama-1.1B,13,Existential,Ganbaru (頑張る),5,0.04159403,0.0015156269,0.0051612854,0.044582903
TinyLlama-1.1B,13,Existential,Ganbaru (頑張る),6,0.06391531,0.0022765398,0.007659793,0.068932
TinyLlama-1.1B,13,Existential,Ganbaru (頑張る),7,0.09531826,0.003168404,0.009886801,0.11800182
TinyLlama-1.1B,13,Existential,Ganbaru (頑張る),8,0.1233685,0.004576385,0.013622463,0.15879178
TinyLlama-1.1B,13,Existential,Ganbaru (頑張る),9,0.14918882,0.005851507,0.014656782,0.18931788
TinyLlama-1.1B,13,Existential,Ganbaru (頑張る),10,0.18253529,0.008211553,0.02012831,0.24337536
TinyLlama-1.1B,13,Existential,Ganbaru (頑張る),11,0.19912696,0.010744989,0.023240328,0.26933408
TinyLlama-1.1B,13,Existential,Ganbaru (頑張る),12,0.22810644,0.012739837,0.029990792,0.3293063
TinyLlama-1.1B,13,Existential,Ganbaru (頑張る),13,0.24832141,0.014163911,0.036867023,0.39511502
TinyLlama-1.1B,13,Existential,Ganbaru (頑張る),14,0.2649042,0.0165717,0.04330355,0.42597163
TinyLlama-1.1B,13,Existential,Ganbaru (頑張る),15,0.28230935,0.019649863,0.050355613,0.42602456
TinyLlama-1.1B,13,Existential,Ganbaru (頑張る),16,0.34531784,0.024272203,0.0925464,0.46494937
TinyLlama-1.1B,13,Existential,Ganbaru (頑張る),17,0.36272913,0.027116,0.11149776,0.4807316
TinyLlama-1.1B,13,Existential,Ganbaru (頑張る),18,0.39202535,0.030580282,0.17398661,0.4868008
TinyLlama-1.1B,13,Existential,Ganbaru (頑張る),19,0.52285516,0.03106606,0.25841254,0.54769987
TinyLlama-1.1B,13,Existential,Ganbaru (頑張る),20,0.5055464,0.032372534,0.35584766,0.5138144
TinyLlama-1.1B,13,Existential,Ganbaru (頑張る),21,0.6819434,0.032871544,0.5299908,0.71773434
TinyLlama-1.1B,13,Existential,Ganbaru (頑張る),22,0.91368866,0.043446183,0.7331711,0.9362777
TinyLlama-1.1B,14,Existential,Ikigai (生きがい),0,0.8132666,0.15896153,0.59408855,0.8132666
TinyLlama-1.1B,14,Existential,Ikigai (生きがい),1,0.18628448,0.014238775,0.08209467,0.19234794
TinyLlama-1.1B,14,Existential,Ikigai (生きがい),2,0.17111552,0.014455497,0.09457314,0.18057477
TinyLlama-1.1B,14,Existential,Ikigai (生きがい),3,0.009486914,0.0003221631,0.0028355718,0.009178698
TinyLlama-1.1B,14,Existential,Ikigai (生きがい),4,0.017409682,0.0005581975,0.0050126314,0.01635611
TinyLlama-1.1B,14,Existential,Ikigai (生きがい),5,0.029743493,0.0009236932,0.008904517,0.027449667
TinyLlama-1.1B,14,Existential,Ikigai (生きがい),6,0.046319306,0.0013927221,0.013546169,0.047056198
TinyLlama-1.1B,14,Existential,Ikigai (生きがい),7,0.07112676,0.001745224,0.019348204,0.08224654
TinyLlama-1.1B,14,Existential,Ikigai (生きがい),8,0.09081113,0.002248466,0.02732116,0.11157733
TinyLlama-1.1B,14,Existential,Ikigai (生きがい),9,0.109200954,0.002814114,0.030015469,0.13379478
TinyLlama-1.1B,14,Existential,Ikigai (生きがい),10,0.13446587,0.0040386915,0.038532376,0.17034554
TinyLlama-1.1B,14,Existential,Ikigai (生きがい),11,0.15467906,0.005470693,0.04375446,0.19303215
TinyLlama-1.1B,14,Existential,Ikigai (生きがい),12,0.1848802,0.0063809156,0.05706632,0.23265904
TinyLlama-1.1B,14,Existential,Ikigai (生きがい),13,0.19642383,0.007723987,0.0637849,0.2731014
TinyLlama-1.1B,14,Existential,Ikigai (生きがい),14,0.22406238,0.009358704,0.072237074,0.31469327
TinyLlama-1.1B,14,Existential,Ikigai (生きがい),15,0.24154872,0.010955155,0.07878351,0.32773095
TinyLlama-1.1B,14,Existential,Ikigai (生きがい),16,0.29821455,0.012457252,0.12831539,0.3965373
TinyLlama-1.1B,14,Existential,Ikigai (生きがい),17,0.3380496,0.015111685,0.15486127,0.43050832
TinyLlama-1.1B,14,Existential,Ikigai (生きがい),18,0.36709654,0.017257929,0.23093474,0.45028996
TinyLlama-1.1B,14,Existential,Ikigai (生きがい),19,0.504283,0.016967297,0.31314915,0.5099116
TinyLlama-1.1B,14,Existential,Ikigai (生きがい),20,0.4794358,0.016712725,0.41293103,0.47391146
TinyLlama-1.1B,14,Existential,Ikigai (生きがい),21,0.6640979,0.016887486,0.5601927,0.6715398
TinyLlama-1.1B,14,Existential,Ikigai (生きがい),22,0.86258703,0.020836353,0.71879774,0.86816084
TinyLlama-1.1B,15,Existential,Mono no Aware (物の哀れ),0,0.8625572,0.22656643,0.6967557,0.8625572
TinyLlama-1.1B,15,Existential,Mono no Aware (物の哀れ),1,0.21923429,0.022867024,0.10029364,0.2232461
TinyLlama-1.1B,15,Existential,Mono no Aware (物の哀れ),2,0.1920467,0.024594188,0.11981827,0.19021559
TinyLlama-1.1B,15,Existential,Mono no Aware (物の哀れ),3,0.012365639,0.0007163882,0.0031920075,0.011339664
TinyLlama-1.1B,15,Existential,Mono no Aware (物の哀れ),4,0.02238357,0.0012462735,0.0054733753,0.019966781
TinyLlama-1.1B,15,Existential,Mono no Aware (物の哀れ),5,0.036287606,0.0022135973,0.008904517,0.031573176
TinyLlama-1.1B,15,Existential,Mono no Aware (物の哀れ),6,0.054597735,0.0034424663,0.014306366,0.05086565
TinyLlama-1.1B,15,Existential,Mono no Aware (物の哀れ),7,0.08101356,0.004955232,0.019200325,0.08382928
TinyLlama-1.1B,15,Existential,Mono no Aware (物の哀れ),8,0.099938154,0.0074971914,0.028313696,0.11175406
TinyLlama-1.1B,15,Existential,Mono no Aware (物の哀れ),9,0.1173076,0.008642316,0.03190458,0.13402581
TinyLlama-1.1B,15,Existential,Mono no Aware (物の哀れ),10,0.14747196,0.011762202,0.04211837,0.17799366
TinyLlama-1.1B,15,Existential,Mono no Aware (物の哀れ),11,0.16444606,0.015539348,0.046820402,0.19669682
TinyLlama-1.1B,15,Existential,Mono no Aware (物の哀れ),12,0.18641692,0.016590834,0.05559975,0.23675364
TinyLlama-1.1B,15,Existential,Mono no Aware (物の哀れ),13,0.20251298,0.020060003,0.06343585,0.28146696
TinyLlama-1.1B,15,Existential,Mono no Aware (物の哀れ),14,0.22741866,0.02308029,0.07159823,0.30998838
TinyLlama-1.1B,15,Existential,Mono no Aware (物の哀れ),15,0.24561566,0.026993096,0.08080298,0.32039237
TinyLlama-1.1B,15,Existential,Mono no Aware (物の哀れ),16,0.2949587,0.033174038,0.118818164,0.38404673
TinyLlama-1.1B,15,Existential,Mono no Aware (物の哀れ),17,0.3236922,0.039145052,0.14223951,0.4062444
TinyLlama-1.1B,15,Existential,Mono no Aware (物の哀れ),18,0.3522064,0.048934698,0.22455263,0.4329241
TinyLlama-1.1B,15,Existential,Mono no Aware (物の哀れ),19,0.4763171,0.054125905,0.29510742,0.49992245
TinyLlama-1.1B,15,Existential,Mono no Aware (物の哀れ),20,0.45085514,0.06027019,0.39467692,0.45488548
TinyLlama-1.1B,15,Existential,Mono no Aware (物の哀れ),21,0.6270173,0.06258309,0.5473863,0.65067756
TinyLlama-1.1B,15,Existential,Mono no Aware (物の哀れ),22,0.7660737,0.07453352,0.735266,0.81196386
TinyLlama-1.1B,16,Existential,Wabi-Sabi (侘寂),0,0.8087721,0.190148,0.56236655,0.8087721
TinyLlama-1.1B,16,Existential,Wabi-Sabi (侘寂),1,0.17178047,0.013598323,0.065742195,0.17119241
TinyLlama-1.1B,16,Existential,Wabi-Sabi (侘寂),2,0.1744107,0.014460087,0.09082061,0.18538302
TinyLlama-1.1B,16,Existential,Wabi-Sabi (侘寂),3,0.022313058,0.0005533099,0.002686739,0.021362364
TinyLlama-1.1B,16,Existential,Wabi-Sabi (侘寂),4,0.042240143,0.000982821,0.0046488643,0.040079653
TinyLlama-1.1B,16,Existential,Wabi-Sabi (侘寂),5,0.070938885,0.0016080141,0.009460688,0.06543565
TinyLlama-1.1B,16,Existential,Wabi-Sabi (侘寂),6,0.10578483,0.0026151538,0.013045192,0.10574639
TinyLlama-1.1B,16,Existential,Wabi-Sabi (侘寂),7,0.15125829,0.0037070513,0.018053055,0.17045832
TinyLlama-1.1B,16,Existential,Wabi-Sabi (侘寂),8,0.17940658,0.005386293,0.026548028,0.2164734
TinyLlama-1.1B,16,Existential,Wabi-Sabi (侘寂),9,0.20611405,0.006163597,0.028307378,0.24742001
TinyLlama-1.1B,16,Existential,Wabi-Sabi (侘寂),10,0.2409333,0.008057475,0.036002815,0.30497903
TinyLlama-1.1B,16,Existential,Wabi-Sabi (侘寂),11,0.25333148,0.01020205,0.040703356,0.33416945
TinyLlama-1.1B,16,Existential,Wabi-Sabi (侘寂),12,0.27266908,0.012124777,0.050653636,0.37896997
TinyLlama-1.1B,16,Existential,Wabi-Sabi (侘寂),13,0.2867999,0.014036179,0.061729014,0.44065648
TinyLlama-1.1B,16,Existential,Wabi-Sabi (侘寂),14,0.29885972,0.015468955,0.07159269,0.45531112
TinyLlama-1.1B,16,Existential,Wabi-Sabi (侘寂),15,0.29868698,0.016871154,0.078190684,0.43580383
TinyLlama-1.1B,16,Existential,Wabi-Sabi (侘寂),16,0.35297102,0.019623935,0.13135892,0.48093754
TinyLlama-1.1B,16,Existential,Wabi-Sabi (侘寂),17,0.37208354,0.020623326,0.15097845,0.48279637
TinyLlama-1.1B,16,Existential,Wabi-Sabi (侘寂),18,0.37750947,0.024568498,0.22596186,0.4756558
TinyLlama-1.1B,16,Existential,Wabi-Sabi (侘寂),19,0.48210394,0.024067223,0.32242513,0.5320169
TinyLlama-1.1B,16,Existential,Wabi-Sabi (侘寂),20,0.46425456,0.023966193,0.40470266,0.4997897
TinyLlama-1.1B,16,Existential,Wabi-Sabi (侘寂),21,0.65116394,0.02680099,0.5561354,0.6930162
TinyLlama-1.1B,16,Existential,Wabi-Sabi (侘寂),22,0.8962851,0.028826475,0.67460537,0.89533436
TinyLlama-1.1B,17,Existential,Shoganai (しょうがない),0,0.83887964,0.15185434,0.64763665,0.83887964
TinyLlama-1.1B,17,Existential,Shoganai (しょうがない),1,0.21666181,0.015100181,0.08425981,0.21854728
TinyLlama-1.1B,17,Existential,Shoganai (しょうがない),2,0.20902288,0.016694129,0.10936576,0.20800221
TinyLlama-1.1B,17,Existential,Shoganai (しょうがない),3,0.013846993,0.0010863543,0.0018253922,0.01344502
TinyLlama-1.1B,17,Existential,Shoganai (しょうがない),4,0.026497543,0.0015152097,0.0032342672,0.026243865
TinyLlama-1.1B,17,Existential,Shoganai (しょうがない),5,0.04319197,0.0022780895,0.0056158304,0.041742623
TinyLlama-1.1B,17,Existential,Shoganai (しょうがない),6,0.06504792,0.0032695532,0.008257151,0.067052126
TinyLlama-1.1B,17,Existential,Shoganai (しょうがない),7,0.09669632,0.004791975,0.011043847,0.11972451
TinyLlama-1.1B,17,Existential,Shoganai (しょうがない),8,0.12376517,0.007647276,0.015887797,0.1593672
TinyLlama-1.1B,17,Existential,Shoganai (しょうがない),9,0.13949805,0.0093387365,0.018033385,0.18982911
TinyLlama-1.1B,17,Existential,Shoganai (しょうがない),10,0.16804767,0.013175309,0.024280608,0.24137062
TinyLlama-1.1B,17,Existential,Shoganai (しょうがない),11,0.18658471,0.016467333,0.027737856,0.270895
TinyLlama-1.1B,17,Existential,Shoganai (しょうがない),12,0.21614039,0.018342793,0.034933686,0.3181032
TinyLlama-1.1B,17,Existential,Shoganai (しょうがない),13,0.243415,0.022207022,0.042200327,0.36539924
TinyLlama-1.1B,17,Existential,Shoganai (しょうがない),14,0.26643854,0.02577138,0.049621582,0.40452582
TinyLlama-1.1B,17,Existential,Shoganai (しょうがない),15,0.28819215,0.032687664,0.05816728,0.42793316
TinyLlama-1.1B,17,Existential,Shoganai (しょうがない),16,0.3503173,0.037621617,0.09583235,0.4783141
TinyLlama-1.1B,17,Existential,Shoganai (しょうがない),17,0.37445396,0.043148935,0.11677259,0.49772638
TinyLlama-1.1B,17,Existential,Shoganai (しょうがない),18,0.39387536,0.04908812,0.18048841,0.49854457
TinyLlama-1.1B,17,Existential,Shoganai (しょうがない),19,0.4930067,0.05074221,0.25258362,0.5518284
TinyLlama-1.1B,17,Existential,Shoganai (しょうがない),20,0.46524417,0.053726315,0.34261483,0.50074285
TinyLlama-1.1B,17,Existential,Shoganai (しょうがない),21,0.62667173,0.051954985,0.48654038,0.69444704
TinyLlama-1.1B,17,Existential,Shoganai (しょうがない),22,0.82062376,0.05886984,0.6639333,0.87463766
TinyLlama-1.1B,18,Existential,Gaman (我慢),0,0.8874134,0.111046255,0.6123783,0.8874134
TinyLlama-1.1B,18,Existential,Gaman (我慢),1,0.20832217,0.013666689,0.08969247,0.21305287
TinyLlama-1.1B,18,Existential,Gaman (我慢),2,0.21213901,0.0131979585,0.09324038,0.21034062
TinyLlama-1.1B,18,Existential,Gaman (我慢),3,0.025749683,0.000597775,0.0015730858,0.023378432
TinyLlama-1.1B,18,Existential,Gaman (我慢),4,0.04613346,0.0011082292,0.0026444793,0.04125011
TinyLlama-1.1B,18,Existential,Gaman (我慢),5,0.07307303,0.0017597675,0.004784167,0.068282425
TinyLlama-1.1B,18,Existential,Gaman (我慢),6,0.11200249,0.0025078058,0.006691873,0.11184257
TinyLlama-1.1B,18,Existential,Gaman (我慢),7,0.16009378,0.0034344792,0.009510994,0.1851142
TinyLlama-1.1B,18,Existential,Gaman (我慢),8,0.19150478,0.0050352216,0.014305353,0.23882085
TinyLlama-1.1B,18,Existential,Gaman (我慢),9,0.22181797,0.0061359406,0.016074657,0.2661643
TinyLlama-1.1B,18,Existential,Gaman (我慢),10,0.25901687,0.0098667145,0.020929456,0.32227147
TinyLlama-1.1B,18,Existential,Gaman (我慢),11,0.27714503,0.012926936,0.0226022,0.35660678
TinyLlama-1.1B,18,Existential,Gaman (我慢),12,0.30381137,0.015175939,0.028587103,0.41631132
TinyLlama-1.1B,18,Existential,Gaman (我慢),13,0.3253392,0.0163548,0.036091626,0.4733867
TinyLlama-1.1B,18,Existential,Gaman (我慢),14,0.33963287,0.020513773,0.042179823,0.4954962
TinyLlama-1.1B,18,Existential,Gaman (我慢),15,0.34979838,0.024701178,0.04892403,0.491233
TinyLlama-1.1B,18,Existential,Gaman (我慢),16,0.40848875,0.02730447,0.09291613,0.5312599
TinyLlama-1.1B,18,Existential,Gaman (我慢),17,0.43102324,0.033537805,0.11448175,0.530571
TinyLlama-1.1B,18,Existential,Gaman (我慢),18,0.4384591,0.040962815,0.18078744,0.5201199
TinyLlama-1.1B,18,Existential,Gaman (我慢),19,0.5521397,0.04474002,0.26739508,0.56664115
TinyLlama-1.1B,18,Existential,Gaman (我慢),20,0.5204892,0.05503398,0.35872567,0.5230494
TinyLlama-1.1B,18,Existential,Gaman (我慢),21,0.6814451,0.057608187,0.51366085,0.7001715
TinyLlama-1.1B,18,Existential,Gaman (我慢),22,0.9132835,0.064988256,0.68576264,0.9239369
TinyLlama-1.1B,19,Existential,Kodawari (こだわり),0,0.8418658,0.24047905,0.5758542,0.8418658
TinyLlama-1.1B,19,Existential,Kodawari (こだわり),1,0.20824641,0.0234254,0.082973,0.21140707
TinyLlama-1.1B,19,Existential,Kodawari (こだわり),2,0.18911439,0.024157941,0.08437544,0.18395972
TinyLlama-1.1B,19,Existential,Kodawari (こだわり),3,0.017899573,0.0010546446,0.0018689036,0.017204225
TinyLlama-1.1B,19,Existential,Kodawari (こだわり),4,0.031353533,0.0021362305,0.0034327507,0.030185938
TinyLlama-1.1B,19,Existential,Kodawari (こだわり),5,0.050102293,0.003434956,0.0060866475,0.04945177
TinyLlama-1.1B,19,Existential,Kodawari (こだわり),6,0.07531744,0.005352199,0.009153426,0.07813114
TinyLlama-1.1B,19,Existential,Kodawari (こだわり),7,0.11025345,0.007460654,0.013220489,0.13362134
TinyLlama-1.1B,19,Existential,Kodawari (こだわり),8,0.14139825,0.010937929,0.021955252,0.18575442
TinyLlama-1.1B,19,Existential,Kodawari (こだわり),9,0.16730583,0.013462901,0.024203181,0.2124955
TinyLlama-1.1B,19,Existential,Kodawari (こだわり),10,0.200755,0.019052863,0.031844378,0.27448565
TinyLlama-1.1B,19,Existential,Kodawari (こだわり),11,0.21692902,0.024590135,0.03617382,0.30071437
TinyLlama-1.1B,19,Existential,Kodawari (こだわり),12,0.25128448,0.028817832,0.046203136,0.3636431
TinyLlama-1.1B,19,Existential,Kodawari (こだわり),13,0.2687384,0.035421193,0.055029035,0.4169708
TinyLlama-1.1B,19,Existential,Kodawari (こだわり),14,0.28787446,0.043240666,0.067956686,0.44219828
TinyLlama-1.1B,19,Existential,Kodawari (こだわり),15,0.29810965,0.051600933,0.076716006,0.4439516
TinyLlama-1.1B,19,Existential,Kodawari (こだわり),16,0.3648497,0.05945623,0.12108058,0.47994405
TinyLlama-1.1B,19,Existential,Kodawari (こだわり),17,0.39847404,0.06646341,0.16109127,0.5094961
TinyLlama-1.1B,19,Existential,Kodawari (こだわり),18,0.4288625,0.08089304,0.22209823,0.52165794
TinyLlama-1.1B,19,Existential,Kodawari (こだわり),19,0.560833,0.08329892,0.28479046,0.57559955
TinyLlama-1.1B,19,Existential,Kodawari (こだわり),20,0.53301555,0.08589733,0.3650149,0.5233338
TinyLlama-1.1B,19,Existential,Kodawari (こだわり),21,0.6998975,0.08535051,0.49484223,0.71242934
TinyLlama-1.1B,19,Existential,Kodawari (こだわり),22,0.90016574,0.09805578,0.6771444,0.90228087
TinyLlama-1.1B,20,Existential,Omotenashi (おもてなし),0,0.86760986,0.1824218,0.6317438,0.86760986
TinyLlama-1.1B,20,Existential,Omotenashi (おもてなし),1,0.21727318,0.020251036,0.10135013,0.21475613
TinyLlama-1.1B,20,Existential,Omotenashi (おもてなし),2,0.19139683,0.019904196,0.09991723,0.18673426
TinyLlama-1.1B,20,Existential,Omotenashi (おもてなし),3,0.013714075,0.00074368715,0.0019758344,0.013530016
TinyLlama-1.1B,20,Existential,Omotenashi (おもてなし),4,0.023949504,0.0011911988,0.0035250187,0.023475766
TinyLlama-1.1B,20,Existential,Omotenashi (おもてなし),5,0.039026737,0.0019522309,0.0059388876,0.038521826
TinyLlama-1.1B,20,Existential,Omotenashi (おもてなし),6,0.057884514,0.0029328465,0.008945167,0.059444666
TinyLlama-1.1B,20,Existential,Omotenashi (おもてなし),7,0.086750746,0.003967941,0.011897504,0.098480105
TinyLlama-1.1B,20,Existential,Omotenashi (おもてなし),8,0.11293292,0.0062749386,0.017517805,0.13609725
TinyLlama-1.1B,20,Existential,Omotenashi (おもてなし),9,0.13321334,0.007996976,0.019778788,0.16136277
TinyLlama-1.1B,20,Existential,Omotenashi (おもてなし),10,0.1618802,0.011732161,0.025111616,0.20727897
TinyLlama-1.1B,20,Existential,Omotenashi (おもてなし),11,0.18034124,0.013983488,0.029617906,0.22828698
TinyLlama-1.1B,20,Existential,Omotenashi (おもてなし),12,0.20554465,0.015457988,0.03755808,0.26986098
TinyLlama-1.1B,20,Existential,Omotenashi (おもてなし),13,0.22114748,0.017900586,0.04552883,0.3216526
TinyLlama-1.1B,20,Existential,Omotenashi (おもてなし),14,0.24600643,0.022091568,0.05452478,0.36691463
TinyLlama-1.1B,20,Existential,Omotenashi (おもてなし),15,0.26563072,0.027436256,0.06151527,0.3784691
TinyLlama-1.1B,20,Existential,Omotenashi (おもてなし),16,0.33047563,0.03120923,0.10138577,0.43499
TinyLlama-1.1B,20,Existential,Omotenashi (おもてなし),17,0.3528093,0.03555119,0.12224847,0.4676597
TinyLlama-1.1B,20,Existential,Omotenashi (おもてなし),18,0.36256117,0.0398432,0.18222207,0.46203673
TinyLlama-1.1B,20,Existential,Omotenashi (おもてなし),19,0.513196,0.04246068,0.26474386,0.521795
TinyLlama-1.1B,20,Existential,Omotenashi (おもてなし),20,0.48430538,0.043489695,0.34957582,0.49061185
TinyLlama-1.1B,20,Existential,Omotenashi (おもてなし),21,0.6599506,0.045796216,0.50339574,0.6941618
TinyLlama-1.1B,20,Existential,Omotenashi (おもてなし),22,0.85617083,0.054670036,0.7052237,0.8873136
Qwen-1.8B,1,Relational,Giri (義理),0,0.86303127,0.26883775,0.57700646,0.86303127
Qwen-1.8B,1,Relational,Giri (義理),1,0.30542254,0.060298085,0.17504531,0.33852518
Qwen-1.8B,1,Relational,Giri (義理),2,0.14488614,0.02424395,0.057522535,0.17210585
Qwen-1.8B,1,Relational,Giri (義理),3,0.15820765,0.021355808,0.0346573,0.17126584
Qwen-1.8B,1,Relational,Giri (義理),4,0.11304939,0.018386245,0.032194793,0.12248403
Qwen-1.8B,1,Relational,Giri (義理),5,0.10453695,0.020588696,0.040480554,0.115258574
Qwen-1.8B,1,Relational,Giri (義理),6,0.102313936,0.034881055,0.05761701,0.12814754
Qwen-1.8B,1,Relational,Giri (義理),7,0.009650469,0.0009955168,0.0025163293,0.010867834
Qwen-1.8B,1,Relational,Giri (義理),8,0.011680841,0.0011416674,0.002731979,0.013705671
Qwen-1.8B,1,Relational,Giri (義理),9,0.014062703,0.0014349818,0.0037753582,0.017261088
Qwen-1.8B,1,Relational,Giri (義理),10,0.018065393,0.0018563867,0.0046423674,0.024533033
Qwen-1.8B,1,Relational,Giri (義理),11,0.02401787,0.0025256276,0.0054215193,0.03156042
Qwen-1.8B,1,Relational,Giri (義理),12,0.02843088,0.003119409,0.006429434,0.038875163
Qwen-1.8B,1,Relational,Giri (義理),13,0.035262525,0.0042159557,0.009188294,0.047245383
Qwen-1.8B,1,Relational,Giri (義理),14,0.048032463,0.005263269,0.012480795,0.06648588
Qwen-1.8B,1,Relational,Giri (義理),15,0.063311815,0.0071733594,0.017042577,0.0879184
Qwen-1.8B,1,Relational,Giri (義理),16,0.11000627,0.011212885,0.027162552,0.14308614
Qwen-1.8B,1,Relational,Giri (義理),17,0.13892835,0.01592362,0.035417974,0.1836335
Qwen-1.8B,1,Relational,Giri (義理),18,0.20412827,0.021555722,0.06105101,0.25300455
Qwen-1.8B,1,Relational,Giri (義理),19,0.28707176,0.028580427,0.09053165,0.3128928
Qwen-1.8B,1,Relational,Giri (義理),20,0.31025195,0.038964212,0.16427124,0.31528622
Qwen-1.8B,1,Relational,Giri (義理),21,0.4058863,0.04380405,0.19560272,0.39473915
Qwen-1.8B,1,Relational,Giri (義理),22,0.5224012,0.060855806,0.29385984,0.4920876
Qwen-1.8B,1,Relational,Giri (義理),23,0.6742531,0.065802574,0.36137593,0.68496364
Qwen-1.8B,1,Relational,Giri (義理),24,1.03355,0.12297785,0.60268533,1.1680883
Qwen-1.8B,2,Relational,Ninjo (人情),0,0.8168466,0.10450566,0.6692976,0.8168466
Qwen-1.8B,2,Relational,Ninjo (人情),1,0.41398406,0.055487394,0.23628396,0.39815933
Qwen-1.8B,2,Relational,Ninjo (人情),2,0.15751255,0.009866178,0.07557106,0.1674214
Qwen-1.8B,2,Relational,Ninjo (人情),3,0.1529082,0.0073334575,0.07013303,0.15959132
Qwen-1.8B,2,Relational,Ninjo (人情),4,0.1017499,0.0071683526,0.070337236,0.112365484
Qwen-1.8B,2,Relational,Ninjo (人情),5,0.10016924,0.009470224,0.0859589,0.10932833
Qwen-1.8B,2,Relational,Ninjo (人情),6,0.115269125,0.016451776,0.10325289,0.13801765
Qwen-1.8B,2,Relational,Ninjo (人情),7,0.01139611,0.00014895201,0.00550735,0.013466954
Qwen-1.8B,2,Relational,Ninjo (人情),8,0.012863815,0.00019425154,0.0054147243,0.015309513
Qwen-1.8B,2,Relational,Ninjo (人情),9,0.016590595,0.00024574995,0.006524265,0.019340158
Qwen-1.8B,2,Relational,Ninjo (人情),10,0.021401942,0.0003142953,0.007355988,0.026748538
Qwen-1.8B,2,Relational,Ninjo (人情),11,0.025195777,0.00039750338,0.008688688,0.030751646
Qwen-1.8B,2,Relational,Ninjo (人情),12,0.032991886,0.00045883656,0.010907233,0.03985071
Qwen-1.8B,2,Relational,Ninjo (人情),13,0.040150702,0.00059217215,0.014670491,0.05072558
Qwen-1.8B,2,Relational,Ninjo (人情),14,0.055354536,0.0007465482,0.018709898,0.070354044
Qwen-1.8B,2,Relational,Ninjo (人情),15,0.075523555,0.0011063218,0.026091456,0.10036385
Qwen-1.8B,2,Relational,Ninjo (人情),16,0.12128562,0.0016540289,0.039959013,0.1581018
Qwen-1.8B,2,Relational,Ninjo (人情),17,0.15451282,0.0023131967,0.0490191,0.19689018
Qwen-1.8B,2,Relational,Ninjo (人情),18,0.21456438,0.0032179356,0.08224136,0.26725668
Qwen-1.8B,2,Relational,Ninjo (人情),19,0.27919483,0.004424393,0.11423892,0.32920343
Qwen-1.8B,2,Relational,Ninjo (人情),20,0.30949008,0.0059654117,0.202981,0.3415891
Qwen-1.8B,2,Relational,Ninjo (人情),21,0.37866902,0.00662601,0.24254483,0.4135722
Qwen-1.8B,2,Relational,Ninjo (人情),22,0.47341627,0.010266662,0.3655066,0.5060934
Qwen-1.8B,2,Relational,Ninjo (人情),23,0.6243989,0.014949501,0.45240682,0.66435134
Qwen-1.8B,2,Relational,Ninjo (人情),24,1.0694462,0.03637743,0.7390446,1.1021475
Qwen-1.8B,3,Relational,En (縁),0,0.84875077,0.120277226,0.60065806,0.84875077
Qwen-1.8B,3,Relational,En (縁),1,0.30396348,0.051300704,0.19990271,0.2799449
Qwen-1.8B,3,Relational,En (縁),2,0.12259412,0.007929206,0.077227235,0.108379126
Qwen-1.8B,3,Relational,En (縁),3,0.13413423,0.005334139,0.060903847,0.17005807
Qwen-1.8B,3,Relational,En (縁),4,0.09730852,0.0057486296,0.05051619,0.13295835
Qwen-1.8B,3,Relational,En (縁),5,0.09287208,0.006662786,0.06680149,0.14560509
Qwen-1.8B,3,Relational,En (縁),6,0.10026568,0.011003137,0.08531636,0.16623253
Qwen-1.8B,3,Relational,En (縁),7,0.007693112,0.00035268068,0.0071411133,0.013050854
Qwen-1.8B,3,Relational,En (縁),8,0.00877136,0.00043672323,0.008105636,0.013292909
Qwen-1.8B,3,Relational,En (縁),9,0.010552049,0.0006337166,0.011187196,0.01570648
Qwen-1.8B,3,Relational,En (縁),10,0.012677848,0.00076305866,0.013714731,0.019513369
Qwen-1.8B,3,Relational,En (縁),11,0.015886188,0.0008571148,0.01580441,0.022945166
Qwen-1.8B,3,Relational,En (縁),12,0.019444525,0.0010594726,0.017352998,0.027477205
Qwen-1.8B,3,Relational,En (縁),13,0.024991632,0.0013035536,0.023714483,0.035338104
Qwen-1.8B,3,Relational,En (縁),14,0.03411162,0.0017015934,0.030031443,0.04806429
Qwen-1.8B,3,Relational,En (縁),15,0.04620409,0.0022799969,0.040631294,0.06757611
Qwen-1.8B,3,Relational,En (縁),16,0.08275062,0.003205359,0.058928728,0.110679805
Qwen-1.8B,3,Relational,En (縁),17,0.10626185,0.0043290257,0.07432592,0.14525288
Qwen-1.8B,3,Relational,En (縁),18,0.16128474,0.0058549047,0.12267834,0.20841622
Qwen-1.8B,3,Relational,En (縁),19,0.23037887,0.007841289,0.16674435,0.26916224
Qwen-1.8B,3,Relational,En (縁),20,0.26031363,0.009595931,0.26615298,0.29295683
Qwen-1.8B,3,Relational,En (縁),21,0.34463513,0.01050514,0.28728354,0.3660493
Qwen-1.8B,3,Relational,En (縁),22,0.465196,0.012869835,0.40488774,0.47262275
Qwen-1.8B,3,Relational,En (縁),23,0.631508,0.014305532,0.46030307,0.6561017
Qwen-1.8B,3,Relational,En (縁),24,1.0399884,0.026379764,0.7402798,1.1686976
Qwen-1.8B,4,Relational,Amaeru (甘える),0,0.85105884,0.1707254,0.675568,0.85105884
Qwen-1.8B,4,Relational,Amaeru (甘える),1,0.3277635,0.075838864,0.23377931,0.35777718
Qwen-1.8B,4,Relational,Amaeru (甘える),2,0.12955838,0.025882244,0.08708584,0.15459067
Qwen-1.8B,4,Relational,Amaeru (甘える),3,0.1299876,0.018994391,0.06809759,0.15070897
Qwen-1.8B,4,Relational,Amaeru (甘える),4,0.09147906,0.018376887,0.053841114,0.10106927
Qwen-1.8B,4,Relational,Amaeru (甘える),5,0.08873856,0.019668937,0.06064087,0.09925437
Qwen-1.8B,4,Relational,Amaeru (甘える),6,0.09747511,0.029407144,0.07804668,0.1250732
Qwen-1.8B,4,Relational,Amaeru (甘える),7,0.008333921,0.0009486675,0.0042413473,0.008809745
Qwen-1.8B,4,Relational,Amaeru (甘える),8,0.010174155,0.0011986494,0.0044130087,0.010459542
Qwen-1.8B,4,Relational,Amaeru (甘える),9,0.012819111,0.0015957355,0.0057249665,0.010746956
Qwen-1.8B,4,Relational,Amaeru (甘える),10,0.015900254,0.0018908381,0.0063871145,0.013851702
Qwen-1.8B,4,Relational,Amaeru (甘える),11,0.019810677,0.0024020672,0.007625282,0.01692152
Qwen-1.8B,4,Relational,Amaeru (甘える),12,0.024274647,0.0031048656,0.009203672,0.021263301
Qwen-1.8B,4,Relational,Amaeru (甘える),13,0.031261623,0.004299283,0.0130752325,0.025866985
Qwen-1.8B,4,Relational,Amaeru (甘える),14,0.042375207,0.0053191185,0.01633358,0.03546816
Qwen-1.8B,4,Relational,Amaeru (甘える),15,0.056874633,0.007186115,0.02296704,0.04914677
Qwen-1.8B,4,Relational,Amaeru (甘える),16,0.10003322,0.0102395415,0.034065783,0.08166951
Qwen-1.8B,4,Relational,Amaeru (甘える),17,0.12720895,0.012951732,0.042931378,0.10882926
Qwen-1.8B,4,Relational,Amaeru (甘える),18,0.18580937,0.016594768,0.07678884,0.15778226
Qwen-1.8B,4,Relational,Amaeru (甘える),19,0.26362586,0.021978498,0.10660857,0.21547526
Qwen-1.8B,4,Relational,Amaeru (甘える),20,0.291956,0.027576864,0.2188353,0.24615282
Qwen-1.8B,4,Relational,Amaeru (甘える),21,0.3815809,0.031688273,0.263331,0.3359716
Qwen-1.8B,4,Relational,Amaeru (甘える),22,0.503719,0.039471686,0.40749705,0.4232515
Qwen-1.8B,4,Relational,Amaeru (甘える),23,0.66312146,0.045361936,0.48364246,0.59319377
Qwen-1.8B,4,Relational,Amaeru (甘える),24,1.0119495,0.06394571,0.75355303,1.1465567
Qwen-1.8B,5,Relational,Omoiyari (思いやり),0,0.8476129,0.14865053,0.70819485,0.8476129
Qwen-1.8B,5,Relational,Omoiyari (思いやり),1,0.29692936,0.07450068,0.2017827,0.31935722
Qwen-1.8B,5,Relational,Omoiyari (思いやり),2,0.15426517,0.022475779,0.0784632,0.17716908
Qwen-1.8B,5,Relational,Omoiyari (思いやり),3,0.16798317,0.014082551,0.054098427,0.17786491
Qwen-1.8B,5,Relational,Omoiyari (思いやり),4,0.117082596,0.011705041,0.0481717,0.123155475
Qwen-1.8B,5,Relational,Omoiyari (思いやり),5,0.10941154,0.012176633,0.057295263,0.11630356
Qwen-1.8B,5,Relational,Omoiyari (思いやり),6,0.1144467,0.019191802,0.07650876,0.13353515
Qwen-1.8B,5,Relational,Omoiyari (思いやり),7,0.010477543,0.000580132,0.0048307776,0.010993898
Qwen-1.8B,5,Relational,Omoiyari (思いやり),8,0.012264848,0.00064629316,0.0055487156,0.012814999
Qwen-1.8B,5,Relational,Omoiyari (思いやり),9,0.015339375,0.0008559227,0.0073076487,0.015538275
Qwen-1.8B,5,Relational,Omoiyari (思いやり),10,0.01977837,0.0010718107,0.008714378,0.021035492
Qwen-1.8B,5,Relational,Omoiyari (思いやり),11,0.023581326,0.0015349984,0.010168135,0.025983572
Qwen-1.8B,5,Relational,Omoiyari (思いやり),12,0.0299322,0.0019330978,0.011384189,0.03368658
Qwen-1.8B,5,Relational,Omoiyari (思いやり),13,0.038208365,0.0025052428,0.015491784,0.041952908
Qwen-1.8B,5,Relational,Omoiyari (思いやり),14,0.0546934,0.0031610727,0.020213187,0.060421884
Qwen-1.8B,5,Relational,Omoiyari (思いやり),15,0.07297057,0.0042794347,0.027297974,0.084935784
Qwen-1.8B,5,Relational,Omoiyari (思いやり),16,0.122867525,0.0064070225,0.038763702,0.14356548
Qwen-1.8B,5,Relational,Omoiyari (思いやり),17,0.15188801,0.0077202916,0.048171043,0.17560333
Qwen-1.8B,5,Relational,Omoiyari (思いやり),18,0.21561319,0.010586917,0.08266264,0.24103945
Qwen-1.8B,5,Relational,Omoiyari (思いやり),19,0.29682302,0.014264882,0.119244695,0.30572343
Qwen-1.8B,5,Relational,Omoiyari (思いやり),20,0.31733936,0.018871963,0.23078954,0.3249331
Qwen-1.8B,5,Relational,Omoiyari (思いやり),21,0.3961004,0.021990538,0.2719229,0.40081936
Qwen-1.8B,5,Relational,Omoiyari (思いやり),22,0.50988746,0.032752037,0.41682297,0.49823135
Qwen-1.8B,5,Relational,Omoiyari (思いやり),23,0.68038654,0.041067183,0.47071868,0.679508
Qwen-1.8B,5,Relational,Omoiyari (思いやり),24,1.0658053,0.08774036,0.7153173,1.1294777
Qwen-1.8B,6,Relational,On (恩),0,0.8623505,0.08060521,0.6206732,0.8623505
Qwen-1.8B,6,Relational,On (恩),1,0.36384314,0.019775987,0.20934957,0.32997566
Qwen-1.8B,6,Relational,On (恩),2,0.18778592,0.00820446,0.08079535,0.1549505
Qwen-1.8B,6,Relational,On (恩),3,0.18170458,0.004910767,0.053435266,0.18073219
Qwen-1.8B,6,Relational,On (恩),4,0.12154275,0.00466156,0.046814024,0.12258202
Qwen-1.8B,6,Relational,On (恩),5,0.113611996,0.00531286,0.052807152,0.13681686
Qwen-1.8B,6,Relational,On (恩),6,0.12236458,0.009562373,0.06299245,0.1463046
Qwen-1.8B,6,Relational,On (恩),7,0.0068814754,0.00028830767,0.0031799078,0.009676099
Qwen-1.8B,6,Relational,On (恩),8,0.0077612996,0.00033289194,0.0034273863,0.010058641
Qwen-1.8B,6,Relational,On (恩),9,0.009141386,0.0005388856,0.0042105913,0.011194825
Qwen-1.8B,6,Relational,On (恩),10,0.011546493,0.0006759763,0.005211234,0.013906598
Qwen-1.8B,6,Relational,On (恩),11,0.014714241,0.00096178055,0.0061230063,0.016363382
Qwen-1.8B,6,Relational,On (恩),12,0.017740965,0.0011104345,0.007366121,0.018913388
Qwen-1.8B,6,Relational,On (恩),13,0.021179378,0.0015379786,0.009868383,0.023728907
Qwen-1.8B,6,Relational,On (恩),14,0.02957648,0.001861453,0.0134881735,0.033425152
Qwen-1.8B,6,Relational,On (恩),15,0.044469297,0.0024518967,0.019066453,0.04949248
Qwen-1.8B,6,Relational,On (恩),16,0.08761966,0.0036332607,0.028927088,0.09291637
Qwen-1.8B,6,Relational,On (恩),17,0.11165458,0.0046415925,0.03864324,0.11919278
Qwen-1.8B,6,Relational,On (恩),18,0.16307896,0.006157875,0.06930494,0.16831708
Qwen-1.8B,6,Relational,On (恩),19,0.2371422,0.008767128,0.12479812,0.23968822
Qwen-1.8B,6,Relational,On (恩),20,0.2737388,0.01009649,0.22961646,0.27017313
Qwen-1.8B,6,Relational,On (恩),21,0.36379784,0.01062578,0.28649586,0.35538495
Qwen-1.8B,6,Relational,On (恩),22,0.49236852,0.014297903,0.42575425,0.4674517
Qwen-1.8B,6,Relational,On (恩),23,0.66433185,0.016864955,0.4762659,0.6682973
Qwen-1.8B,6,Relational,On (恩),24,1.0987927,0.027785063,0.69101965,1.2100197
Qwen-1.8B,7,Social Space,Wa (和),0,0.89140487,0.11250627,0.69418395,0.89140487
Qwen-1.8B,7,Social Space,Wa (和),1,0.49380738,0.038741708,0.28620636,0.49130505
Qwen-1.8B,7,Social Space,Wa (和),2,0.18437076,0.007125795,0.08104628,0.21202481
Qwen-1.8B,7,Social Space,Wa (和),3,0.18554121,0.0069493055,0.07046795,0.18850803
Qwen-1.8B,7,Social Space,Wa (和),4,0.13198191,0.0069814324,0.061734617,0.12896949
Qwen-1.8B,7,Social Space,Wa (和),5,0.12327981,0.008110821,0.07491809,0.12490755
Qwen-1.8B,7,Social Space,Wa (和),6,0.126302,0.012372851,0.08312845,0.14190143
Qwen-1.8B,7,Social Space,Wa (和),7,0.01842904,0.00034797192,0.010393262,0.020139456
Qwen-1.8B,7,Social Space,Wa (和),8,0.020485997,0.00042200089,0.009631753,0.022167087
Qwen-1.8B,7,Social Space,Wa (和),9,0.02563268,0.000538826,0.011942327,0.027257442
Qwen-1.8B,7,Social Space,Wa (和),10,0.03223002,0.00066691637,0.013283193,0.037499845
Qwen-1.8B,7,Social Space,Wa (和),11,0.038479447,0.0008431077,0.014991164,0.0449363
Qwen-1.8B,7,Social Space,Wa (和),12,0.046352267,0.00109905,0.01699251,0.05649507
Qwen-1.8B,7,Social Space,Wa (和),13,0.05529684,0.0015160441,0.023407519,0.06463671
Qwen-1.8B,7,Social Space,Wa (和),14,0.0746541,0.0018545389,0.029540777,0.08605498
Qwen-1.8B,7,Social Space,Wa (和),15,0.09978372,0.0026750565,0.03971988,0.11257124
Qwen-1.8B,7,Social Space,Wa (和),16,0.15585607,0.0044629574,0.056795537,0.17419845
Qwen-1.8B,7,Social Space,Wa (和),17,0.19000202,0.0063362718,0.07254106,0.21390003
Qwen-1.8B,7,Social Space,Wa (和),18,0.25648314,0.008630216,0.12061697,0.2811858
Qwen-1.8B,7,Social Space,Wa (和),19,0.3319401,0.01150924,0.16381317,0.33600837
Qwen-1.8B,7,Social Space,Wa (和),20,0.35295308,0.014472187,0.29480934,0.35355806
Qwen-1.8B,7,Social Space,Wa (和),21,0.42139566,0.016000926,0.3226936,0.40754712
Qwen-1.8B,7,Social Space,Wa (和),22,0.51754785,0.021571696,0.44219923,0.49029
Qwen-1.8B,7,Social Space,Wa (和),23,0.6862596,0.02417308,0.49700618,0.6780065
Qwen-1.8B,7,Social Space,Wa (和),24,1.0629967,0.03715086,0.7343892,1.1289415
Qwen-1.8B,8,Social Space,Kuuki wo Yomu (空気を読む),0,0.78535366,0.20606363,0.6386592,0.78535366
Qwen-1.8B,8,Social Space,Kuuki wo Yomu (空気を読む),1,0.3446535,0.07353592,0.21380156,0.3429417
Qwen-1.8B,8,Social Space,Kuuki wo Yomu (空気を読む),2,0.1746273,0.016180515,0.08237922,0.17828363
Qwen-1.8B,8,Social Space,Kuuki wo Yomu (空気を読む),3,0.16960418,0.009898543,0.057722032,0.15955955
Qwen-1.8B,8,Social Space,Kuuki wo Yomu (空気を読む),4,0.11604059,0.009482801,0.05193925,0.1084677
Qwen-1.8B,8,Social Space,Kuuki wo Yomu (空気を読む),5,0.116086245,0.010060787,0.06374711,0.10708183
Qwen-1.8B,8,Social Space,Kuuki wo Yomu (空気を読む),6,0.11740595,0.017332315,0.08403891,0.112887144
Qwen-1.8B,8,Social Space,Kuuki wo Yomu (空気を読む),7,0.012797475,0.0004711151,0.0065936446,0.0105140805
Qwen-1.8B,8,Social Space,Kuuki wo Yomu (空気を読む),8,0.01596564,0.0006081462,0.0077027082,0.013465762
Qwen-1.8B,8,Social Space,Kuuki wo Yomu (空気を読む),9,0.021478355,0.00077337027,0.010705471,0.016697228
Qwen-1.8B,8,Social Space,Kuuki wo Yomu (空気を読む),10,0.028284132,0.000934422,0.013403654,0.02424717
Qwen-1.8B,8,Social Space,Kuuki wo Yomu (空気を読む),11,0.03316194,0.0014175773,0.01636225,0.028411508
Qwen-1.8B,8,Social Space,Kuuki wo Yomu (空気を読む),12,0.039173305,0.0017092824,0.020626068,0.031668305
Qwen-1.8B,8,Social Space,Kuuki wo Yomu (空気を読む),13,0.047611892,0.002281189,0.02675128,0.038548112
Qwen-1.8B,8,Social Space,Kuuki wo Yomu (空気を読む),14,0.06381261,0.0029067397,0.03465885,0.051763117
Qwen-1.8B,8,Social Space,Kuuki wo Yomu (空気を読む),15,0.08362222,0.004006505,0.044799507,0.07218379
Qwen-1.8B,8,Social Space,Kuuki wo Yomu (空気を読む),16,0.14259845,0.0056975484,0.06053382,0.12237674
Qwen-1.8B,8,Social Space,Kuuki wo Yomu (空気を読む),17,0.17830217,0.007479012,0.07458037,0.15802962
Qwen-1.8B,8,Social Space,Kuuki wo Yomu (空気を読む),18,0.24727386,0.011358738,0.11794084,0.22104847
Qwen-1.8B,8,Social Space,Kuuki wo Yomu (空気を読む),19,0.32509142,0.015774488,0.17290574,0.27366996
Qwen-1.8B,8,Social Space,Kuuki wo Yomu (空気を読む),20,0.34378844,0.019669175,0.26066107,0.29123592
Qwen-1.8B,8,Social Space,Kuuki wo Yomu (空気を読む),21,0.422081,0.022036076,0.29313934,0.3656211
Qwen-1.8B,8,Social Space,Kuuki wo Yomu (空気を読む),22,0.5370672,0.031374454,0.39233184,0.45366788
Qwen-1.8B,8,Social Space,Kuuki wo Yomu (空気を読む),23,0.7123771,0.03795868,0.45797908,0.67165554
Qwen-1.8B,8,Social Space,Kuuki wo Yomu (空気を読む),24,1.1393838,0.06453711,0.7363657,1.2303796
Qwen-1.8B,9,Social Space,Uchi-Soto (内-外),0,0.8199041,0.10043126,0.70823777,0.8199041
Qwen-1.8B,9,Social Space,Uchi-Soto (内-外),1,0.36412287,0.042624414,0.21198374,0.3795182
Qwen-1.8B,9,Social Space,Uchi-Soto (内-外),2,0.15338647,0.008302689,0.07830191,0.17042643
Qwen-1.8B,9,Social Space,Uchi-Soto (内-外),3,0.14769614,0.006914079,0.071862936,0.1496008
Qwen-1.8B,9,Social Space,Uchi-Soto (内-外),4,0.10286754,0.006556213,0.06265175,0.10592389
Qwen-1.8B,9,Social Space,Uchi-Soto (内-外),5,0.09514892,0.00659585,0.06930828,0.10565704
Qwen-1.8B,9,Social Space,Uchi-Soto (内-外),6,0.101011455,0.008690834,0.08350325,0.11332208
Qwen-1.8B,9,Social Space,Uchi-Soto (内-外),7,0.01005882,0.00019693375,0.0064210296,0.009897828
Qwen-1.8B,9,Social Space,Uchi-Soto (内-外),8,0.0117414,0.00025099516,0.0066184998,0.010946929
Qwen-1.8B,9,Social Space,Uchi-Soto (内-外),9,0.014857173,0.0003861189,0.007977784,0.014108658
Qwen-1.8B,9,Social Space,Uchi-Soto (内-外),10,0.018158853,0.00045907497,0.009224951,0.01897937
Qwen-1.8B,9,Social Space,Uchi-Soto (内-外),11,0.020996809,0.0006442666,0.010996163,0.02271092
Qwen-1.8B,9,Social Space,Uchi-Soto (内-外),12,0.02729553,0.00082176924,0.0134605765,0.029803872
Qwen-1.8B,9,Social Space,Uchi-Soto (内-外),13,0.0326342,0.0010659695,0.01820606,0.035988092
Qwen-1.8B,9,Social Space,Uchi-Soto (内-外),14,0.045915008,0.0014395118,0.025530457,0.050377786
Qwen-1.8B,9,Social Space,Uchi-Soto (内-外),15,0.060986757,0.0021739602,0.032491744,0.07077217
Qwen-1.8B,9,Social Space,Uchi-Soto (内-外),16,0.1042611,0.0031949878,0.045438945,0.118430614
Qwen-1.8B,9,Social Space,Uchi-Soto (内-外),17,0.1331293,0.004938543,0.055889368,0.15492696
Qwen-1.8B,9,Social Space,Uchi-Soto (内-外),18,0.19420123,0.0067781806,0.08959305,0.21707255
Qwen-1.8B,9,Social Space,Uchi-Soto (内-外),19,0.2669,0.00915122,0.13378894,0.27725977
Qwen-1.8B,9,Social Space,Uchi-Soto (内-外),20,0.29008138,0.011823952,0.23449409,0.2933324
Qwen-1.8B,9,Social Space,Uchi-Soto (内-外),21,0.37226373,0.013215065,0.27487588,0.36679876
Qwen-1.8B,9,Social Space,Uchi-Soto (内-外),22,0.47545308,0.015297115,0.4042951,0.45774972
Qwen-1.8B,9,Social Space,Uchi-Soto (内-外),23,0.6746962,0.015691042,0.46738446,0.67418754
Qwen-1.8B,9,Social Space,Uchi-Soto (内-外),24,1.0876312,0.0167256,0.6947024,1.1795757
Qwen-1.8B,10,Social Space,Honne to Tatemae (本音と建前),0,0.84785324,0.20791769,0.6316185,0.84785324
Qwen-1.8B,10,Social Space,Honne to Tatemae (本音と建前),1,0.36216497,0.08687705,0.19160694,0.37286413
Qwen-1.8B,10,Social Space,Honne to Tatemae (本音と建前),2,0.16011631,0.020369291,0.073091984,0.16396242
Qwen-1.8B,10,Social Space,Honne to Tatemae (本音と建前),3,0.17673331,0.013207734,0.044295013,0.18313962
Qwen-1.8B,10,Social Space,Honne to Tatemae (本音と建前),4,0.11733627,0.011826575,0.041477263,0.12359166
Qwen-1.8B,10,Social Space,Honne to Tatemae (本音と建前),5,0.10856217,0.012253106,0.054899693,0.1191141
Qwen-1.8B,10,Social Space,Honne to Tatemae (本音と建前),6,0.10297668,0.019773066,0.074278,0.113125145
Qwen-1.8B,10,Social Space,Honne to Tatemae (本音と建前),7,0.014974713,0.00033557415,0.0030418038,0.0125927925
Qwen-1.8B,10,Social Space,Honne to Tatemae (本音と建前),8,0.01676327,0.00040888786,0.0035998225,0.014173508
Qwen-1.8B,10,Social Space,Honne to Tatemae (本音と建前),9,0.02151972,0.0005649328,0.0049691796,0.017864585
Qwen-1.8B,10,Social Space,Honne to Tatemae (本音と建前),10,0.026949525,0.00071930885,0.0066122413,0.024337769
Qwen-1.8B,10,Social Space,Honne to Tatemae (本音と建前),11,0.032578826,0.0009635091,0.008051515,0.029021978
Qwen-1.8B,10,Social Space,Honne to Tatemae (本音と建前),12,0.041436136,0.0013033152,0.0095748305,0.03504932
Qwen-1.8B,10,Social Space,Honne to Tatemae (本音と建前),13,0.050926268,0.0017248988,0.013289571,0.04381168
Qwen-1.8B,10,Social Space,Honne to Tatemae (本音と建前),14,0.067836165,0.0021905303,0.017769992,0.059898913
Qwen-1.8B,10,Social Space,Honne to Tatemae (本音と建前),15,0.0902701,0.0032859445,0.024392962,0.084165156
Qwen-1.8B,10,Social Space,Honne to Tatemae (本音と建前),16,0.14879525,0.004772365,0.03374237,0.1354425
Qwen-1.8B,10,Social Space,Honne to Tatemae (本音と建前),17,0.18148017,0.0058330894,0.04358208,0.17133033
Qwen-1.8B,10,Social Space,Honne to Tatemae (本音と建前),18,0.24595189,0.0080708265,0.07562882,0.2292592
Qwen-1.8B,10,Social Space,Honne to Tatemae (本音と建前),19,0.3383605,0.010756493,0.11471659,0.2935428
Qwen-1.8B,10,Social Space,Honne to Tatemae (本音と建前),20,0.3525483,0.013647974,0.19748396,0.30797887
Qwen-1.8B,10,Social Space,Honne to Tatemae (本音と建前),21,0.4340924,0.01600492,0.23488694,0.38570905
Qwen-1.8B,10,Social Space,Honne to Tatemae (本音と建前),22,0.5428335,0.022701561,0.3447519,0.47354865
Qwen-1.8B,10,Social Space,Honne to Tatemae (本音と建前),23,0.7171397,0.029530406,0.43339062,0.6870929
Qwen-1.8B,10,Social Space,Honne to Tatemae (本音と建前),24,1.1183395,0.060588717,0.73549795,1.2309129
Qwen-1.8B,11,Social Space,Meiwaku (迷惑),0,0.86667156,0.07527125,0.5814023,0.86667156
Qwen-1.8B,11,Social Space,Meiwaku (迷惑),1,0.37091923,0.032220364,0.20460355,0.39996445
Qwen-1.8B,11,Social Space,Meiwaku (迷惑),2,0.1530993,0.007573068,0.08016443,0.18293679
Qwen-1.8B,11,Social Space,Meiwaku (迷惑),3,0.18515575,0.0049254894,0.056342423,0.17702532
Qwen-1.8B,11,Social Space,Meiwaku (迷惑),4,0.13362628,0.0046871305,0.054418385,0.1296345
Qwen-1.8B,11,Social Space,Meiwaku (迷惑),5,0.11823696,0.0055786967,0.068051934,0.11828095
Qwen-1.8B,11,Social Space,Meiwaku (迷惑),6,0.113345444,0.009595275,0.08580917,0.13399243
Qwen-1.8B,11,Social Space,Meiwaku (迷惑),7,0.010739505,0.00029855967,0.0041877627,0.01054287
Qwen-1.8B,11,Social Space,Meiwaku (迷惑),8,0.011768997,0.0003864169,0.0049785376,0.012925684
Qwen-1.8B,11,Social Space,Meiwaku (迷惑),9,0.015297413,0.0005476475,0.0065081716,0.015622079
Qwen-1.8B,11,Social Space,Meiwaku (迷惑),10,0.020196676,0.0007406473,0.008328259,0.021593094
Qwen-1.8B,11,Social Space,Meiwaku (迷惑),11,0.025199473,0.001098156,0.0099826455,0.026784778
Qwen-1.8B,11,Social Space,Meiwaku (迷惑),12,0.033781707,0.0012674928,0.011626661,0.032690406
Qwen-1.8B,11,Social Space,Meiwaku (迷惑),13,0.040480554,0.0016079545,0.015548825,0.039492488
Qwen-1.8B,11,Social Space,Meiwaku (迷惑),14,0.057401538,0.0021095276,0.020025313,0.05359173
Qwen-1.8B,11,Social Space,Meiwaku (迷惑),15,0.07505751,0.002788663,0.026146531,0.07082564
Qwen-1.8B,11,Social Space,Meiwaku (迷惑),16,0.12329334,0.0039931536,0.03664285,0.11734408
Qwen-1.8B,11,Social Space,Meiwaku (迷惑),17,0.1508953,0.0050196648,0.0466823,0.14753819
Qwen-1.8B,11,Social Space,Meiwaku (迷惑),18,0.21755594,0.007719457,0.07969314,0.21087635
Qwen-1.8B,11,Social Space,Meiwaku (迷惑),19,0.30361688,0.010622442,0.11500001,0.28607064
Qwen-1.8B,11,Social Space,Meiwaku (迷惑),20,0.32871306,0.013738036,0.21656442,0.30613244
Qwen-1.8B,11,Social Space,Meiwaku (迷惑),21,0.4077736,0.014924586,0.25067472,0.38476247
Qwen-1.8B,11,Social Space,Meiwaku (迷惑),22,0.5218522,0.018948853,0.36061716,0.49253666
Qwen-1.8B,11,Social Space,Meiwaku (迷惑),23,0.6861534,0.017412245,0.42391676,0.6710264
Qwen-1.8B,11,Social Space,Meiwaku (迷惑),24,1.0979621,0.033575416,0.7377534,1.1469945
Qwen-1.8B,12,Social Space,Enryo (遠慮),0,0.8426658,0.14602757,0.6268644,0.8426658
Qwen-1.8B,12,Social Space,Enryo (遠慮),1,0.44314522,0.046120822,0.26186383,0.43295205
Qwen-1.8B,12,Social Space,Enryo (遠慮),2,0.17239445,0.01082629,0.06947392,0.18381375
Qwen-1.8B,12,Social Space,Enryo (遠慮),3,0.15557915,0.008647203,0.043781817,0.15618914
Qwen-1.8B,12,Social Space,Enryo (遠慮),4,0.100317895,0.009419143,0.03644687,0.10105449
Qwen-1.8B,12,Social Space,Enryo (遠慮),5,0.098243,0.013261616,0.045261323,0.10067326
Qwen-1.8B,12,Social Space,Enryo (遠慮),6,0.11260271,0.023931444,0.06342161,0.12033886
Qwen-1.8B,12,Social Space,Enryo (遠慮),7,0.007949173,0.00059753656,0.0032775402,0.009420276
Qwen-1.8B,12,Social Space,Enryo (遠慮),8,0.008882642,0.00078451633,0.0038878918,0.01082921
Qwen-1.8B,12,Social Space,Enryo (遠慮),9,0.010501981,0.0010077953,0.005254388,0.011997998
Qwen-1.8B,12,Social Space,Enryo (遠慮),10,0.013351917,0.0013508201,0.0065432787,0.015658319
Qwen-1.8B,12,Social Space,Enryo (遠慮),11,0.016903043,0.0018591881,0.008055508,0.01911676
Qwen-1.8B,12,Social Space,Enryo (遠慮),12,0.021432221,0.0021402836,0.010248005,0.024918437
Qwen-1.8B,12,Social Space,Enryo (遠慮),13,0.026890337,0.0029547215,0.013513565,0.029922605
Qwen-1.8B,12,Social Space,Enryo (遠慮),14,0.038742363,0.0038881302,0.01779598,0.04103315
Qwen-1.8B,12,Social Space,Enryo (遠慮),15,0.053954422,0.005277157,0.024476767,0.058394134
Qwen-1.8B,12,Social Space,Enryo (遠慮),16,0.093263745,0.0075035095,0.037550747,0.102390826
Qwen-1.8B,12,Social Space,Enryo (遠慮),17,0.1241585,0.009525716,0.0499171,0.13755381
Qwen-1.8B,12,Social Space,Enryo (遠慮),18,0.18692929,0.013485134,0.08608693,0.20144892
Qwen-1.8B,12,Social Space,Enryo (遠慮),19,0.2785138,0.018011391,0.12301719,0.2682649
Qwen-1.8B,12,Social Space,Enryo (遠慮),20,0.30157346,0.02234435,0.22331381,0.2870264
Qwen-1.8B,12,Social Space,Enryo (遠慮),21,0.38407785,0.02294743,0.25680828,0.36960626
Qwen-1.8B,12,Social Space,Enryo (遠慮),22,0.52611196,0.031790078,0.36598516,0.48461723
Qwen-1.8B,12,Social Space,Enryo (遠慮),23,0.69765705,0.03498161,0.43205315,0.7001742
Qwen-1.8B,12,Social Space,Enryo (遠慮),24,1.0870371,0.055416286,0.6973181,1.190136
Qwen-1.8B,13,Existential,Ganbaru (頑張る),0,0.8717854,0.08520937,0.5745734,0.8717854
Qwen-1.8B,13,Existential,Ganbaru (頑張る),1,0.5623453,0.08618045,0.3096643,0.5528898
Qwen-1.8B,13,Existential,Ganbaru (頑張る),2,0.1895119,0.013141155,0.06599742,0.18770659
Qwen-1.8B,13,Existential,Ganbaru (頑張る),3,0.20117188,0.0099231005,0.05625391,0.20312786
Qwen-1.8B,13,Existential,Ganbaru (頑張る),4,0.13675123,0.008118749,0.046790123,0.14185661
Qwen-1.8B,13,Existential,Ganbaru (頑張る),5,0.13082659,0.009140551,0.05494517,0.13177162
Qwen-1.8B,13,Existential,Ganbaru (頑張る),6,0.14121175,0.014840305,0.06619412,0.14833194
Qwen-1.8B,13,Existential,Ganbaru (頑張る),7,0.020855308,0.00041401386,0.0050696135,0.019882143
Qwen-1.8B,13,Existential,Ganbaru (頑張る),8,0.025352538,0.00048202276,0.005014777,0.023350418
Qwen-1.8B,13,Existential,Ganbaru (頑張る),9,0.031503797,0.00068610907,0.006431818,0.030561864
Qwen-1.8B,13,Existential,Ganbaru (頑張る),10,0.038483918,0.00083220005,0.0075341463,0.042235374
Qwen-1.8B,13,Existential,Ganbaru (頑張る),11,0.045686007,0.0010617971,0.008400857,0.05138606
Qwen-1.8B,13,Existential,Ganbaru (頑張る),12,0.05732286,0.00133425,0.009733617,0.064720154
Qwen-1.8B,13,Existential,Ganbaru (頑張る),13,0.06900215,0.0018314123,0.014489055,0.07960236
Qwen-1.8B,13,Existential,Ganbaru (頑張る),14,0.09160149,0.0024863482,0.01818502,0.10579121
Qwen-1.8B,13,Existential,Ganbaru (頑張る),15,0.12094724,0.0034407377,0.025530577,0.1441856
Qwen-1.8B,13,Existential,Ganbaru (頑張る),16,0.18565184,0.0050427318,0.036745965,0.2087779
Qwen-1.8B,13,Existential,Ganbaru (頑張る),17,0.22376901,0.006521702,0.04811144,0.25262666
Qwen-1.8B,13,Existential,Ganbaru (頑張る),18,0.29557025,0.008394659,0.08553052,0.32888472
Qwen-1.8B,13,Existential,Ganbaru (頑張る),19,0.35859072,0.011637151,0.12861055,0.38236493
Qwen-1.8B,13,Existential,Ganbaru (頑張る),20,0.380566,0.014433622,0.2282536,0.4002928
Qwen-1.8B,13,Existential,Ganbaru (頑張る),21,0.43034732,0.015285075,0.27096534,0.4403993
Qwen-1.8B,13,Existential,Ganbaru (頑張る),22,0.5171391,0.019674242,0.39387256,0.5292226
Qwen-1.8B,13,Existential,Ganbaru (頑張る),23,0.6657609,0.02087748,0.47416282,0.7042439
Qwen-1.8B,13,Existential,Ganbaru (頑張る),24,1.0691811,0.023528874,0.73540074,1.1421402
Qwen-1.8B,14,Existential,Ikigai (生きがい),0,0.854525,0.08214539,0.56453776,0.854525
Qwen-1.8B,14,Existential,Ikigai (生きがい),1,0.40038854,0.025787473,0.16562778,0.37039673
Qwen-1.8B,14,Existential,Ikigai (生きがい),2,0.19835395,0.008367181,0.06464839,0.16596878
Qwen-1.8B,14,Existential,Ikigai (生きがい),3,0.17458433,0.007276356,0.063456476,0.18148893
Qwen-1.8B,14,Existential,Ikigai (生きがい),4,0.121344686,0.0075167418,0.063899755,0.12533963
Qwen-1.8B,14,Existential,Ikigai (生きがい),5,0.115198314,0.008579016,0.07720387,0.11752206
Qwen-1.8B,14,Existential,Ikigai (生きがい),6,0.1303773,0.011404514,0.08621454,0.13300025
Qwen-1.8B,14,Existential,Ikigai (生きがい),7,0.0120328665,0.00022774935,0.009219229,0.013391554
Qwen-1.8B,14,Existential,Ikigai (生きがい),8,0.013537705,0.0002655983,0.009676099,0.014867246
Qwen-1.8B,14,Existential,Ikigai (生きがい),9,0.015460134,0.00033211708,0.01219815,0.018017828
Qwen-1.8B,14,Existential,Ikigai (生きがい),10,0.019245923,0.00040858984,0.015344918,0.023738265
Qwen-1.8B,14,Existential,Ikigai (生きがい),11,0.022805154,0.0005068779,0.016689956,0.02864945
Qwen-1.8B,14,Existential,Ikigai (生きがい),12,0.028589785,0.00062942505,0.019070148,0.034843802
Qwen-1.8B,14,Existential,Ikigai (生きがい),13,0.035884023,0.00087845325,0.025397241,0.043359935
Qwen-1.8B,14,Existential,Ikigai (生きがい),14,0.05152625,0.001106143,0.032675445,0.061427474
Qwen-1.8B,14,Existential,Ikigai (生きがい),15,0.070349514,0.0015090108,0.04255253,0.085071325
Qwen-1.8B,14,Existential,Ikigai (生きがい),16,0.11966151,0.002333045,0.060471892,0.146757
Qwen-1.8B,14,Existential,Ikigai (生きがい),17,0.14928138,0.0030320883,0.07768524,0.18286842
Qwen-1.8B,14,Existential,Ikigai (生きがい),18,0.2108584,0.003778696,0.12596297,0.24782526
Qwen-1.8B,14,Existential,Ikigai (生きがい),19,0.28480303,0.0046599507,0.18016142,0.31758457
Qwen-1.8B,14,Existential,Ikigai (生きがい),20,0.31052864,0.005464494,0.32066536,0.34117866
Qwen-1.8B,14,Existential,Ikigai (生きがい),21,0.38628906,0.005337298,0.34628415,0.40797806
Qwen-1.8B,14,Existential,Ikigai (生きがい),22,0.490516,0.0070047975,0.4743752,0.5072057
Qwen-1.8B,14,Existential,Ikigai (生きがい),23,0.66769093,0.0073542595,0.51299334,0.6869563
Qwen-1.8B,14,Existential,Ikigai (生きがい),24,1.0700479,0.010329664,0.68265456,1.1853642
Qwen-1.8B,15,Existential,Mono no Aware (物の哀れ),0,0.8908129,0.17354012,0.6357081,0.8908129
Qwen-1.8B,15,Existential,Mono no Aware (物の哀れ),1,0.53873086,0.111462116,0.33355975,0.56633174
Qwen-1.8B,15,Existential,Mono no Aware (物の哀れ),2,0.19392407,0.021791935,0.082223356,0.24267316
Qwen-1.8B,15,Existential,Mono no Aware (物の哀れ),3,0.21236557,0.014476895,0.06682271,0.22270936
Qwen-1.8B,15,Existential,Mono no Aware (物の哀れ),4,0.13879603,0.012480855,0.063257575,0.14866596
Qwen-1.8B,15,Existential,Mono no Aware (物の哀れ),5,0.12456554,0.0140346885,0.08295047,0.1343692
Qwen-1.8B,15,Existential,Mono no Aware (物の哀れ),6,0.122207046,0.023145556,0.09487021,0.16092503
Qwen-1.8B,15,Existential,Mono no Aware (物の哀れ),7,0.0077061653,0.0008726716,0.0057021976,0.008485436
Qwen-1.8B,15,Existential,Mono no Aware (物の哀れ),8,0.008512855,0.0011079907,0.0066191554,0.010127425
Qwen-1.8B,15,Existential,Mono no Aware (物の哀れ),9,0.010201573,0.001591742,0.008315802,0.012609899
Qwen-1.8B,15,Existential,Mono no Aware (物の哀れ),10,0.012742698,0.0020529032,0.010525465,0.017077684
Qwen-1.8B,15,Existential,Mono no Aware (物の哀れ),11,0.01522553,0.0026459694,0.012255728,0.020373106
Qwen-1.8B,15,Existential,Mono no Aware (物の哀れ),12,0.018288136,0.0035960674,0.014909625,0.026318371
Qwen-1.8B,15,Existential,Mono no Aware (物の哀れ),13,0.022319376,0.004802406,0.019012153,0.032805324
Qwen-1.8B,15,Existential,Mono no Aware (物の哀れ),14,0.03185582,0.006040871,0.02418387,0.044766188
Qwen-1.8B,15,Existential,Mono no Aware (物の哀れ),15,0.046260357,0.00794971,0.03237456,0.061482847
Qwen-1.8B,15,Existential,Mono no Aware (物の哀れ),16,0.081575036,0.011054575,0.04752302,0.10475862
Qwen-1.8B,15,Existential,Mono no Aware (物の哀れ),17,0.10820025,0.014163077,0.060759127,0.13451815
Qwen-1.8B,15,Existential,Mono no Aware (物の哀れ),18,0.16120428,0.019799829,0.1034174,0.1905629
Qwen-1.8B,15,Existential,Mono no Aware (物の哀れ),19,0.23195106,0.027232766,0.14504403,0.24234354
Qwen-1.8B,15,Existential,Mono no Aware (物の哀れ),20,0.25971,0.033337057,0.2510875,0.26268363
Qwen-1.8B,15,Existential,Mono no Aware (物の哀れ),21,0.35276014,0.036499083,0.276083,0.34925908
Qwen-1.8B,15,Existential,Mono no Aware (物の哀れ),22,0.4754097,0.044829905,0.3749724,0.4477964
Qwen-1.8B,15,Existential,Mono no Aware (物の哀れ),23,0.63909006,0.04822576,0.4424309,0.65659523
Qwen-1.8B,15,Existential,Mono no Aware (物の哀れ),24,1.0319568,0.061138093,0.699189,1.15488
Qwen-1.8B,16,Existential,Wabi-Sabi (侘寂),0,0.86163443,0.13028163,0.54613733,0.86163443
Qwen-1.8B,16,Existential,Wabi-Sabi (侘寂),1,0.4048264,0.068225384,0.17854172,0.3835457
Qwen-1.8B,16,Existential,Wabi-Sabi (侘寂),2,0.18782091,0.013282359,0.069681585,0.15006828
Qwen-1.8B,16,Existential,Wabi-Sabi (侘寂),3,0.19734162,0.007175982,0.051672995,0.23436856
Qwen-1.8B,16,Existential,Wabi-Sabi (侘寂),4,0.13071835,0.0069901943,0.04958296,0.18090802
Qwen-1.8B,16,Existential,Wabi-Sabi (侘寂),5,0.10584712,0.0068700314,0.062927246,0.17387223
Qwen-1.8B,16,Existential,Wabi-Sabi (侘寂),6,0.10410023,0.010481715,0.07148576,0.12921768
Qwen-1.8B,16,Existential,Wabi-Sabi (侘寂),7,0.029390097,0.00055861473,0.008773088,0.033849776
Qwen-1.8B,16,Existential,Wabi-Sabi (侘寂),8,0.034314632,0.000672102,0.01050967,0.038504064
Qwen-1.8B,16,Existential,Wabi-Sabi (侘寂),9,0.042221665,0.00086534023,0.015140116,0.052026868
Qwen-1.8B,16,Existential,Wabi-Sabi (侘寂),10,0.05316007,0.0010514259,0.01892519,0.072039485
Qwen-1.8B,16,Existential,Wabi-Sabi (侘寂),11,0.062294662,0.0013715029,0.02022624,0.08201975
Qwen-1.8B,16,Existential,Wabi-Sabi (侘寂),12,0.0753507,0.0016021132,0.024736524,0.10259509
Qwen-1.8B,16,Existential,Wabi-Sabi (侘寂),13,0.08866978,0.0019559264,0.033284366,0.122048914
Qwen-1.8B,16,Existential,Wabi-Sabi (侘寂),14,0.11444658,0.0023463964,0.04257095,0.1528939
Qwen-1.8B,16,Existential,Wabi-Sabi (侘寂),15,0.1422531,0.003303349,0.055948436,0.20032501
Qwen-1.8B,16,Existential,Wabi-Sabi (侘寂),16,0.20932698,0.00453794,0.074229896,0.27106667
Qwen-1.8B,16,Existential,Wabi-Sabi (侘寂),17,0.24739766,0.0056717396,0.09095991,0.30746478
Qwen-1.8B,16,Existential,Wabi-Sabi (侘寂),18,0.31343025,0.0071017146,0.1407584,0.361009
Qwen-1.8B,16,Existential,Wabi-Sabi (侘寂),19,0.3660952,0.009832621,0.19179809,0.38769722
Qwen-1.8B,16,Existential,Wabi-Sabi (侘寂),20,0.3761983,0.010933697,0.3113882,0.39220697
Qwen-1.8B,16,Existential,Wabi-Sabi (侘寂),21,0.42638087,0.010535896,0.33096302,0.43112123
Qwen-1.8B,16,Existential,Wabi-Sabi (侘寂),22,0.50260997,0.01334244,0.44085866,0.49063843
Qwen-1.8B,16,Existential,Wabi-Sabi (侘寂),23,0.7008908,0.012774825,0.48608857,0.6996509
Qwen-1.8B,16,Existential,Wabi-Sabi (侘寂),24,1.0926114,0.018003345,0.737684,1.2108362
Qwen-1.8B,17,Existential,Shoganai (しょうがない),0,0.95738137,0.14284813,0.624984,0.95738137
Qwen-1.8B,17,Existential,Shoganai (しょうがない),1,0.49975026,0.062497318,0.31612515,0.5370174
Qwen-1.8B,17,Existential,Shoganai (しょうがない),2,0.16622776,0.016995668,0.086818695,0.20914125
Qwen-1.8B,17,Existential,Shoganai (しょうがない),3,0.21411902,0.011841178,0.058650434,0.18282127
Qwen-1.8B,17,Existential,Shoganai (しょうがない),4,0.15720183,0.010402441,0.048449755,0.13663995
Qwen-1.8B,17,Existential,Shoganai (しょうがない),5,0.13690078,0.01131916,0.0566864,0.1232211
Qwen-1.8B,17,Existential,Shoganai (しょうがない),6,0.13313264,0.017181933,0.08018905,0.13374215
Qwen-1.8B,17,Existential,Shoganai (しょうがない),7,0.013950288,0.0019728541,0.005590856,0.012156785
Qwen-1.8B,17,Existential,Shoganai (しょうがない),8,0.015421629,0.0022117496,0.006685376,0.0140016675
Qwen-1.8B,17,Existential,Shoganai (しょうがない),9,0.018853486,0.0029378533,0.0088688135,0.017659068
Qwen-1.8B,17,Existential,Shoganai (しょうがない),10,0.02418524,0.0037597418,0.010559261,0.023861647
Qwen-1.8B,17,Existential,Shoganai (しょうがない),11,0.02928543,0.004894793,0.012587011,0.028009295
Qwen-1.8B,17,Existential,Shoganai (しょうがない),12,0.036345363,0.006148696,0.014791071,0.03526157
Qwen-1.8B,17,Existential,Shoganai (しょうがない),13,0.044733524,0.008069694,0.020323873,0.043952107
Qwen-1.8B,17,Existential,Shoganai (しょうがない),14,0.060989857,0.010124385,0.025129974,0.061395645
Qwen-1.8B,17,Existential,Shoganai (しょうがない),15,0.080837786,0.014859319,0.03475982,0.08543301
Qwen-1.8B,17,Existential,Shoganai (しょうがない),16,0.14034969,0.020090342,0.051290274,0.13438475
Qwen-1.8B,17,Existential,Shoganai (しょうがない),17,0.16513902,0.02636695,0.06356126,0.16295367
Qwen-1.8B,17,Existential,Shoganai (しょうがない),18,0.2268951,0.031645596,0.10783881,0.22052425
Qwen-1.8B,17,Existential,Shoganai (しょうがない),19,0.28532416,0.04146415,0.15474468,0.27363026
Qwen-1.8B,17,Existential,Shoganai (しょうがない),20,0.30165142,0.050492167,0.2679962,0.28419602
Qwen-1.8B,17,Existential,Shoganai (しょうがない),21,0.37768078,0.051692426,0.30315572,0.35293335
Qwen-1.8B,17,Existential,Shoganai (しょうがない),22,0.47879583,0.054661572,0.43134743,0.44046068
Qwen-1.8B,17,Existential,Shoganai (しょうがない),23,0.64991957,0.049245298,0.4736815,0.65670407
Qwen-1.8B,17,Existential,Shoganai (しょうがない),24,1.0983806,0.041249514,0.73269415,1.1442493
Qwen-1.8B,18,Existential,Gaman (我慢),0,0.8842344,0.09145594,0.63432825,0.8842344
Qwen-1.8B,18,Existential,Gaman (我慢),1,0.36688012,0.03695208,0.20478994,0.36709213
Qwen-1.8B,18,Existential,Gaman (我慢),2,0.15469062,0.010572016,0.07035899,0.15004474
Qwen-1.8B,18,Existential,Gaman (我慢),3,0.18869424,0.008389294,0.058204055,0.19676691
Qwen-1.8B,18,Existential,Gaman (我慢),4,0.13722295,0.007046938,0.04969865,0.1452558
Qwen-1.8B,18,Existential,Gaman (我慢),5,0.12788033,0.0063745975,0.059899747,0.14478183
Qwen-1.8B,18,Existential,Gaman (我慢),6,0.13138759,0.008990049,0.074502885,0.14677906
Qwen-1.8B,18,Existential,Gaman (我慢),7,0.03460473,0.00047582388,0.005626321,0.024329782
Qwen-1.8B,18,Existential,Gaman (我慢),8,0.040529728,0.0005592108,0.0063785315,0.027163625
Qwen-1.8B,18,Existential,Gaman (我慢),9,0.050750375,0.00076311827,0.009073377,0.034831464
Qwen-1.8B,18,Existential,Gaman (我慢),10,0.062536776,0.001041472,0.011063397,0.047121346
Qwen-1.8B,18,Existential,Gaman (我慢),11,0.07388681,0.0015593767,0.012530088,0.05585867
Qwen-1.8B,18,Existential,Gaman (我慢),12,0.09563309,0.0019407868,0.015593469,0.07087898
Qwen-1.8B,18,Existential,Gaman (我慢),13,0.11408341,0.0024172068,0.02107203,0.0893535
Qwen-1.8B,18,Existential,Gaman (我慢),14,0.14186692,0.0031621456,0.026684761,0.12023395
Qwen-1.8B,18,Existential,Gaman (我慢),15,0.1832366,0.004591167,0.036132157,0.16094738
Qwen-1.8B,18,Existential,Gaman (我慢),16,0.2568136,0.006857276,0.052001715,0.23342246
Qwen-1.8B,18,Existential,Gaman (我慢),17,0.30161715,0.008854032,0.06575346,0.28229874
Qwen-1.8B,18,Existential,Gaman (我慢),18,0.38026774,0.012254357,0.104454756,0.3592133
Qwen-1.8B,18,Existential,Gaman (我慢),19,0.44614822,0.018056035,0.14876205,0.4200588
Qwen-1.8B,18,Existential,Gaman (我慢),20,0.4673491,0.02494824,0.25160342,0.43704838
Qwen-1.8B,18,Existential,Gaman (我慢),21,0.5212934,0.029845297,0.28987116,0.50095856
Qwen-1.8B,18,Existential,Gaman (我慢),22,0.58553547,0.039195478,0.41870904,0.5705004
Qwen-1.8B,18,Existential,Gaman (我慢),23,0.7040175,0.041166544,0.489784,0.73064184
Qwen-1.8B,18,Existential,Gaman (我慢),24,1.0463467,0.04627347,0.73850036,1.1300228
Qwen-1.8B,19,Existential,Kodawari (こだわり),0,0.87080914,0.1707375,0.6439434,0.87080914
Qwen-1.8B,19,Existential,Kodawari (こだわり),1,0.39339882,0.07041234,0.23059642,0.39540625
Qwen-1.8B,19,Existential,Kodawari (こだわり),2,0.17167515,0.024545312,0.074689984,0.17552602
Qwen-1.8B,19,Existential,Kodawari (こだわり),3,0.17344815,0.017265499,0.061046362,0.20743728
Qwen-1.8B,19,Existential,Kodawari (こだわり),4,0.12263119,0.016129732,0.055479586,0.14933807
Qwen-1.8B,19,Existential,Kodawari (こだわり),5,0.11124778,0.017796338,0.06467247,0.14392132
Qwen-1.8B,19,Existential,Kodawari (こだわり),6,0.12654668,0.027474105,0.08030039,0.15553635
Qwen-1.8B,19,Existential,Kodawari (こだわり),7,0.024846315,0.00090664625,0.005877733,0.022375405
Qwen-1.8B,19,Existential,Kodawari (こだわり),8,0.028390884,0.0010146499,0.0064612627,0.024885058
Qwen-1.8B,19,Existential,Kodawari (こだわり),9,0.03571278,0.0014015436,0.00860858,0.032926023
Qwen-1.8B,19,Existential,Kodawari (こだわり),10,0.045855045,0.0017755628,0.010777414,0.046602607
Qwen-1.8B,19,Existential,Kodawari (こだわり),11,0.056908786,0.002231598,0.013914943,0.057293057
Qwen-1.8B,19,Existential,Kodawari (こだわり),12,0.07698202,0.0026798248,0.018849552,0.07540727
Qwen-1.8B,19,Existential,Kodawari (こだわり),13,0.09731066,0.0032401085,0.025959253,0.09776366
Qwen-1.8B,19,Existential,Kodawari (こだわり),14,0.12908757,0.0038887262,0.03306049,0.13123935
Qwen-1.8B,19,Existential,Kodawari (こだわり),15,0.17062926,0.005383253,0.046462238,0.18727171
Qwen-1.8B,19,Existential,Kodawari (こだわり),16,0.24437517,0.0072793365,0.06253266,0.26322907
Qwen-1.8B,19,Existential,Kodawari (こだわり),17,0.29948354,0.009550929,0.082784176,0.31876254
Qwen-1.8B,19,Existential,Kodawari (こだわり),18,0.39749157,0.013279557,0.1282937,0.41230965
Qwen-1.8B,19,Existential,Kodawari (こだわり),19,0.49259377,0.020087779,0.1839186,0.49738818
Qwen-1.8B,19,Existential,Kodawari (こだわり),20,0.5268341,0.029260874,0.2954405,0.5240124
Qwen-1.8B,19,Existential,Kodawari (こだわり),21,0.59843194,0.0360201,0.3473717,0.5973641
Qwen-1.8B,19,Existential,Kodawari (こだわり),22,0.6726794,0.051880598,0.4516784,0.6782328
Qwen-1.8B,19,Existential,Kodawari (こだわり),23,0.7430279,0.0660792,0.5186932,0.7749081
Qwen-1.8B,19,Existential,Kodawari (こだわり),24,0.9739589,0.13223839,0.8407222,1.0647906
Qwen-1.8B,20,Existential,Omotenashi (おもてなし),0,0.8020274,0.12341648,0.64972526,0.8020274
Qwen-1.8B,20,Existential,Omotenashi (おもてなし),1,0.4012515,0.0537225,0.24334258,0.40837562
Qwen-1.8B,20,Existential,Omotenashi (おもてなし),2,0.16306877,0.01530391,0.08338714,0.18734175
Qwen-1.8B,20,Existential,Omotenashi (おもてなし),3,0.17639643,0.012005329,0.06564802,0.16586769
Qwen-1.8B,20,Existential,Omotenashi (おもてなし),4,0.12623447,0.010666788,0.05570692,0.11206359
Qwen-1.8B,20,Existential,Omotenashi (おもてなし),5,0.11815137,0.0111705065,0.06823236,0.11071044
Qwen-1.8B,20,Existential,Omotenashi (おもてなし),6,0.11479533,0.013528585,0.08086598,0.13733727
Qwen-1.8B,20,Existential,Omotenashi (おもてなし),7,0.013763547,0.00046628714,0.0063844323,0.0031829476
Qwen-1.8B,20,Existential,Omotenashi (おもてなし),8,0.0162884,0.0005739331,0.007092476,0.0038791895
Qwen-1.8B,20,Existential,Omotenashi (おもてなし),9,0.020430863,0.00071913004,0.00925833,0.00472641
Qwen-1.8B,20,Existential,Omotenashi (おもてなし),10,0.026491702,0.0008970499,0.011142433,0.0063174963
Qwen-1.8B,20,Existential,Omotenashi (おもてなし),11,0.03250432,0.0011450648,0.013325036,0.00799185
Qwen-1.8B,20,Existential,Omotenashi (おもてなし),12,0.04052931,0.0014774203,0.016631484,0.009834826
Qwen-1.8B,20,Existential,Omotenashi (おもてなし),13,0.050699294,0.0019447803,0.023878515,0.011777282
Qwen-1.8B,20,Existential,Omotenashi (おもてなし),14,0.0670231,0.00256598,0.031823516,0.016403258
Qwen-1.8B,20,Existential,Omotenashi (おもてなし),15,0.09190756,0.0037337542,0.04062307,0.024679124
Qwen-1.8B,20,Existential,Omotenashi (おもてなし),16,0.1515243,0.0052078366,0.06226182,0.044437826
Qwen-1.8B,20,Existential,Omotenashi (おもてなし),17,0.18890113,0.006755471,0.07738513,0.058941305
Qwen-1.8B,20,Existential,Omotenashi (おもてなし),18,0.2617151,0.0091456175,0.11854154,0.094893456
Qwen-1.8B,20,Existential,Omotenashi (おもてなし),19,0.33452803,0.013351262,0.1520446,0.13523066
Qwen-1.8B,20,Existential,Omotenashi (おもてなし),20,0.3518839,0.017885566,0.2537617,0.1628207
Qwen-1.8B,20,Existential,Omotenashi (おもてなし),21,0.430973,0.020116687,0.2796783,0.23429084
Qwen-1.8B,20,Existential,Omotenashi (おもてなし),22,0.52919006,0.024935067,0.39706945,0.33650774
Qwen-1.8B,20,Existential,Omotenashi (おもてなし),23,0.6924337,0.024430156,0.44577074,0.5461055
Qwen-1.8B,20,Existential,Omotenashi (おもてなし),24,0.9971949,0.030811131,0.7184486,1.1378018
